repeat_10_10_1_2,--pad_size=10 --tag_threshold=10 --layer_capacity=128 --pooling_layer=GlobalMaxPool --batch_size=256 --learning_rate=0.01 --dropout_rate=0.3 --random_seed=2,0.73830935022354
repeat_10_10_2_1,--pad_size=10 --tag_threshold=10 --layer_capacity=128 --pooling_layer=GlobalAveragePooling --batch_size=128 --learning_rate=0.1 --dropout_rate=0.0 --random_seed=1,0.7430879628250717
repeat_10_20_0_1,--pad_size=10 --tag_threshold=20 --layer_capacity=64 --pooling_layer=GlobalMaxPool --batch_size=128 --learning_rate=0.01 --dropout_rate=0.0 --random_seed=1,0.7363134505452301
repeat_10_2_0_2,--pad_size=10 --tag_threshold=2 --layer_capacity=64 --pooling_layer=GlobalMaxPool --batch_size=128 --learning_rate=0.001 --dropout_rate=0.1 --random_seed=2,0.7360556442842612
repeat_10_2_1_1,--pad_size=10 --tag_threshold=2 --layer_capacity=128 --pooling_layer=GlobalMaxPool --batch_size=128 --learning_rate=0.1 --dropout_rate=0.1 --random_seed=1,0.7346266882047588
repeat_10_40_1_1,--pad_size=10 --tag_threshold=40 --layer_capacity=128 --pooling_layer=GlobalMaxPool --batch_size=128 --learning_rate=0.1 --dropout_rate=0.0 --random_seed=1,0.7368823025060612
repeat_10_5_1_1,--pad_size=10 --tag_threshold=5 --layer_capacity=128 --pooling_layer=GlobalAveragePooling --batch_size=128 --learning_rate=0.001 --dropout_rate=0.2 --random_seed=1,0.7336468514986436
repeat_10_80_2_1,--pad_size=10 --tag_threshold=80 --layer_capacity=128 --pooling_layer=GlobalMaxPool --batch_size=128 --learning_rate=0.001 --dropout_rate=0.0 --random_seed=1,0.7401339311856021
repeat_160_10_1_2,--pad_size=160 --tag_threshold=10 --layer_capacity=128 --pooling_layer=GlobalMaxPool --batch_size=128 --learning_rate=0.01 --dropout_rate=0.3 --random_seed=2,0.7376615768457186
repeat_160_20_0_2,--pad_size=160 --tag_threshold=20 --layer_capacity=64 --pooling_layer=GlobalMaxPool --batch_size=128 --learning_rate=0.1 --dropout_rate=0.1 --random_seed=2,0.7404514938209302
repeat_160_2_0_2,--pad_size=160 --tag_threshold=2 --layer_capacity=128 --pooling_layer=GlobalMaxPool --batch_size=256 --learning_rate=0.1 --dropout_rate=0.0 --random_seed=2,0.7334447897049644
repeat_160_40_1_2,--pad_size=160 --tag_threshold=40 --layer_capacity=128 --pooling_layer=GlobalMaxPool --batch_size=256 --learning_rate=0.001 --dropout_rate=0.1 --random_seed=2,0.7441527177318044
repeat_160_5_0_1,--pad_size=160 --tag_threshold=5 --layer_capacity=64 --pooling_layer=GlobalMaxPool --batch_size=128 --learning_rate=0.001 --dropout_rate=0.1 --random_seed=1,0.7451784279964517
repeat_160_5_0_2,--pad_size=160 --tag_threshold=5 --layer_capacity=64 --pooling_layer=GlobalMaxPool --batch_size=128 --learning_rate=0.001 --dropout_rate=0.1 --random_seed=2,0.7421991788803931
repeat_160_5_2_2,--pad_size=160 --tag_threshold=5 --layer_capacity=128 --pooling_layer=GlobalMaxPool --batch_size=128 --learning_rate=0.01 --dropout_rate=0.1 --random_seed=2,0.7398045004568291
repeat_160_80_0_2,--pad_size=160 --tag_threshold=80 --layer_capacity=128 --pooling_layer=GlobalMaxPool --batch_size=256 --learning_rate=0.001 --dropout_rate=0.1 --random_seed=2,0.7414170528763518
repeat_160_80_1_2,--pad_size=160 --tag_threshold=80 --layer_capacity=64 --pooling_layer=GlobalMaxPool --batch_size=128 --learning_rate=0.01 --dropout_rate=0.0 --random_seed=2,0.7432352447054548
repeat_20_10_0_2,--pad_size=20 --tag_threshold=10 --layer_capacity=128 --pooling_layer=GlobalMaxPool --batch_size=128 --learning_rate=0.1 --dropout_rate=0.1 --random_seed=2,0.7408851313311434
repeat_20_10_2_2,--pad_size=20 --tag_threshold=10 --layer_capacity=64 --pooling_layer=GlobalMaxPool --batch_size=128 --learning_rate=0.01 --dropout_rate=0.1 --random_seed=2,0.7458949654454274
repeat_20_2_0_1,--pad_size=20 --tag_threshold=2 --layer_capacity=64 --pooling_layer=GlobalMaxPool --batch_size=256 --learning_rate=0.001 --dropout_rate=0.1 --random_seed=1,0.7359730620663278
repeat_20_40_2_1,--pad_size=20 --tag_threshold=40 --layer_capacity=128 --pooling_layer=GlobalMaxPool --batch_size=256 --learning_rate=0.01 --dropout_rate=0.2 --random_seed=1,0.7438560562434967
repeat_20_5_0_2,--pad_size=20 --tag_threshold=5 --layer_capacity=64 --pooling_layer=GlobalMaxPool --batch_size=256 --learning_rate=0.01 --dropout_rate=0.2 --random_seed=2,0.7435803971944751
repeat_20_5_1_1,--pad_size=20 --tag_threshold=5 --layer_capacity=64 --pooling_layer=GlobalMaxPool --batch_size=256 --learning_rate=0.1 --dropout_rate=0.1 --random_seed=1,0.7479490460796373
repeat_20_80_1_2,--pad_size=20 --tag_threshold=80 --layer_capacity=64 --pooling_layer=GlobalMaxPool --batch_size=256 --learning_rate=0.01 --dropout_rate=0.1 --random_seed=2,0.7420006799697013
repeat_20_80_2_2,--pad_size=20 --tag_threshold=80 --layer_capacity=128 --pooling_layer=GlobalMaxPool --batch_size=128 --learning_rate=0.01 --dropout_rate=0.2 --random_seed=2,0.7389027142499205
repeat_2_10_0_2,--pad_size=2 --tag_threshold=10 --layer_capacity=128 --pooling_layer=GlobalMaxPool --batch_size=256 --learning_rate=0.01 --dropout_rate=0.3 --random_seed=2,0.7067629269654249
repeat_2_10_1_2,--pad_size=2 --tag_threshold=10 --layer_capacity=128 --pooling_layer=GlobalMaxPool --batch_size=256 --learning_rate=0.001 --dropout_rate=0.2 --random_seed=2,0.7099564581231483
repeat_2_20_1_1,--pad_size=2 --tag_threshold=20 --layer_capacity=64 --pooling_layer=GlobalMaxPool --batch_size=128 --learning_rate=0.01 --dropout_rate=0.0 --random_seed=1,0.7132365379035004
repeat_2_20_1_2,--pad_size=2 --tag_threshold=20 --layer_capacity=64 --pooling_layer=GlobalMaxPool --batch_size=128 --learning_rate=0.01 --dropout_rate=0.0 --random_seed=2,0.7045852167412964
repeat_2_2_0_2,,0.7159088885971714
repeat_2_20_2_2,--pad_size=2 --tag_threshold=20 --layer_capacity=64 --pooling_layer=GlobalAveragePooling --batch_size=128 --learning_rate=0.1 --dropout_rate=0.3 --random_seed=2,0.7062161036150817
repeat_2_40_1_2,--pad_size=2 --tag_threshold=40 --layer_capacity=128 --pooling_layer=GlobalAveragePooling --batch_size=128 --learning_rate=0.01 --dropout_rate=0.2 --random_seed=2,0.7059270402193689
repeat_2_5_0_1,--pad_size=2 --tag_threshold=5 --layer_capacity=64 --pooling_layer=GlobalMaxPool --batch_size=256 --learning_rate=0.001 --dropout_rate=0.0 --random_seed=1,0.7142469136420747
repeat_2_80_2_1,--pad_size=2 --tag_threshold=80 --layer_capacity=128 --pooling_layer=GlobalAveragePooling --batch_size=128 --learning_rate=0.01 --dropout_rate=0.3 --random_seed=1,0.7017021800740143
repeat_40_10_1_2,--pad_size=40 --tag_threshold=10 --layer_capacity=64 --pooling_layer=GlobalMaxPool --batch_size=128 --learning_rate=0.1 --dropout_rate=0.1 --random_seed=2,0.7491690843979004
repeat_40_20_1_1,--pad_size=40 --tag_threshold=20 --layer_capacity=64 --pooling_layer=GlobalMaxPool --batch_size=128 --learning_rate=0.1 --dropout_rate=0.1 --random_seed=1,0.7499302078314909
repeat_40_2_0_2,--pad_size=40 --tag_threshold=2 --layer_capacity=64 --pooling_layer=GlobalMaxPool --batch_size=256 --learning_rate=0.1 --dropout_rate=0.2 --random_seed=2,0.7319432880061061
repeat_40_2_1_1,--pad_size=40 --tag_threshold=2 --layer_capacity=64 --pooling_layer=GlobalMaxPool --batch_size=256 --learning_rate=0.1 --dropout_rate=0.1 --random_seed=1,0.7374191666925879
repeat_40_40_1_2,--pad_size=40 --tag_threshold=40 --layer_capacity=64 --pooling_layer=GlobalMaxPool --batch_size=256 --learning_rate=0.01 --dropout_rate=0.0 --random_seed=2,0.7433339411412191
repeat_40_5_1_1,--pad_size=40 --tag_threshold=5 --layer_capacity=128 --pooling_layer=GlobalMaxPool --batch_size=128 --learning_rate=0.001 --dropout_rate=0.2 --random_seed=1,0.74388536227359
repeat_40_5_2_1,--pad_size=40 --tag_threshold=5 --layer_capacity=128 --pooling_layer=GlobalMaxPool --batch_size=128 --learning_rate=0.1 --dropout_rate=0.1 --random_seed=1,0.7448950458874964
repeat_5_10_1_2,--pad_size=5 --tag_threshold=10 --layer_capacity=128 --pooling_layer=GlobalAveragePooling --batch_size=128 --learning_rate=0.001 --dropout_rate=0.1 --random_seed=2,0.736068828449577
repeat_5_2_1_2,--pad_size=5 --tag_threshold=2 --layer_capacity=128 --pooling_layer=GlobalMaxPool --batch_size=128 --learning_rate=0.1 --dropout_rate=0.3 --random_seed=2,0.7329168767997248
repeat_5_5_1_1,--pad_size=5 --tag_threshold=5 --layer_capacity=128 --pooling_layer=GlobalMaxPool --batch_size=128 --learning_rate=0.001 --dropout_rate=0.3 --random_seed=1,0.7317346934668169
repeat_5_80_2_1,--pad_size=5 --tag_threshold=80 --layer_capacity=128 --pooling_layer=GlobalAveragePooling --batch_size=128 --learning_rate=0.001 --dropout_rate=0.2 --random_seed=1,0.72567980931934
repeat_80_10_0_1,--pad_size=80 --tag_threshold=10 --layer_capacity=64 --pooling_layer=GlobalMaxPool --batch_size=128 --learning_rate=0.1 --dropout_rate=0.1 --random_seed=1,0.7471022475922707
repeat_80_10_2_2,--pad_size=80 --tag_threshold=10 --layer_capacity=64 --pooling_layer=GlobalMaxPool --batch_size=128 --learning_rate=0.001 --dropout_rate=0.0 --random_seed=2,0.7428827804759024
repeat_80_20_0_1,--pad_size=80 --tag_threshold=20 --layer_capacity=128 --pooling_layer=GlobalMaxPool --batch_size=128 --learning_rate=0.001 --dropout_rate=0.1 --random_seed=1,0.749115160626809
repeat_80_2_1_2,--pad_size=80 --tag_threshold=2 --layer_capacity=64 --pooling_layer=GlobalMaxPool --batch_size=256 --learning_rate=0.001 --dropout_rate=0.2 --random_seed=2,0.7350894009848068
repeat_80_40_2_1,--pad_size=80 --tag_threshold=40 --layer_capacity=128 --pooling_layer=GlobalMaxPool --batch_size=128 --learning_rate=0.001 --dropout_rate=0.2 --random_seed=1,0.7443523443432973
repeat_80_40_2_2,--pad_size=80 --tag_threshold=40 --layer_capacity=128 --pooling_layer=GlobalMaxPool --batch_size=128 --learning_rate=0.001 --dropout_rate=0.2 --random_seed=2,0.7423106801588718
repeat_80_5_1_2,--pad_size=80 --tag_threshold=5 --layer_capacity=128 --pooling_layer=GlobalMaxPool --batch_size=256 --learning_rate=0.001 --dropout_rate=0.1 --random_seed=2,0.7424950145003202
repeat_80_5_2_1,--pad_size=80 --tag_threshold=5 --layer_capacity=64 --pooling_layer=GlobalMaxPool --batch_size=128 --learning_rate=0.01 --dropout_rate=0.2 --random_seed=1,0.7416779928531717
repeat_80_5_2_2,--pad_size=80 --tag_threshold=5 --layer_capacity=64 --pooling_layer=GlobalMaxPool --batch_size=128 --learning_rate=0.01 --dropout_rate=0.2 --random_seed=2,0.736330732792889
repeat_80_80_0_1,--pad_size=80 --tag_threshold=80 --layer_capacity=128 --pooling_layer=GlobalMaxPool --batch_size=128 --learning_rate=0.01 --dropout_rate=0.0 --random_seed=1,0.7430650670068272
repeat_80_80_1_1,--pad_size=80 --tag_threshold=80 --layer_capacity=128 --pooling_layer=GlobalMaxPool --batch_size=256 --learning_rate=0.001 --dropout_rate=0.0 --random_seed=1,0.7460455144841261
repeat_80_80_2_1,--pad_size=80 --tag_threshold=80 --layer_capacity=128 --pooling_layer=GlobalAveragePooling --batch_size=128 --learning_rate=0.001 --dropout_rate=0.1 --random_seed=1,0.71445511912514
repeat_10_20_0_2,--pad_size=10 --tag_threshold=20 --layer_capacity=64 --pooling_layer=GlobalMaxPool --batch_size=128 --learning_rate=0.01 --dropout_rate=0.0 --random_seed=2,0.7457705499044408
repeat_10_20_1_2,--pad_size=10 --tag_threshold=20 --layer_capacity=64 --pooling_layer=GlobalMaxPool --batch_size=128 --learning_rate=0.001 --dropout_rate=0.1 --random_seed=2,0.7430863797630606
repeat_10_2_2_2,--pad_size=10 --tag_threshold=2 --layer_capacity=64 --pooling_layer=GlobalMaxPool --batch_size=256 --learning_rate=0.01 --dropout_rate=0.4 --random_seed=2,0.7278290227247044
repeat_10_40_1_2,--pad_size=10 --tag_threshold=40 --layer_capacity=128 --pooling_layer=GlobalMaxPool --batch_size=128 --learning_rate=0.1 --dropout_rate=0.0 --random_seed=2,0.7379612498959658
repeat_10_80_1_2,--pad_size=10 --tag_threshold=80 --layer_capacity=64 --pooling_layer=GlobalAveragePooling --batch_size=128 --learning_rate=0.01 --dropout_rate=0.0 --random_seed=2,0.7338958756077257
repeat_160_10_0_2,--pad_size=160 --tag_threshold=10 --layer_capacity=128 --pooling_layer=GlobalMaxPool --batch_size=256 --learning_rate=0.1 --dropout_rate=0.2 --random_seed=2,0.7490357466820783
repeat_160_10_2_1,--pad_size=160 --tag_threshold=10 --layer_capacity=64 --pooling_layer=GlobalMaxPool --batch_size=256 --learning_rate=0.001 --dropout_rate=0.0 --random_seed=1,0.744579483436871
repeat_160_10_2_2,--pad_size=160 --tag_threshold=10 --layer_capacity=64 --pooling_layer=GlobalMaxPool --batch_size=256 --learning_rate=0.001 --dropout_rate=0.0 --random_seed=2,0.742045943315696
repeat_160_2_0_1,--pad_size=160 --tag_threshold=2 --layer_capacity=128 --pooling_layer=GlobalMaxPool --batch_size=256 --learning_rate=0.1 --dropout_rate=0.0 --random_seed=1,0.7320153306515498
repeat_160_20_2_1,--pad_size=160 --tag_threshold=20 --layer_capacity=128 --pooling_layer=GlobalMaxPool --batch_size=256 --learning_rate=0.001 --dropout_rate=0.2 --random_seed=1,0.7430588651195947
repeat_160_2_1_1,--pad_size=160 --tag_threshold=2 --layer_capacity=128 --pooling_layer=GlobalMaxPool --batch_size=128 --learning_rate=0.001 --dropout_rate=0.0 --random_seed=1,0.7370908210014315
repeat_160_5_2_1,--pad_size=160 --tag_threshold=5 --layer_capacity=128 --pooling_layer=GlobalMaxPool --batch_size=128 --learning_rate=0.01 --dropout_rate=0.1 --random_seed=1,0.743418301319908
repeat_160_80_2_2,--pad_size=160 --tag_threshold=80 --layer_capacity=64 --pooling_layer=GlobalMaxPool --batch_size=256 --learning_rate=0.1 --dropout_rate=0.1 --random_seed=2,0.7410437450564515
repeat_20_20_0_2,--pad_size=20 --tag_threshold=20 --layer_capacity=128 --pooling_layer=GlobalMaxPool --batch_size=128 --learning_rate=0.1 --dropout_rate=0.0 --random_seed=2,0.7466369255771692
repeat_20_20_2_1,--pad_size=20 --tag_threshold=20 --layer_capacity=128 --pooling_layer=GlobalMaxPool --batch_size=256 --learning_rate=0.01 --dropout_rate=0.0 --random_seed=1,0.7420931965881384
repeat_20_40_0_2,--pad_size=20 --tag_threshold=40 --layer_capacity=64 --pooling_layer=GlobalMaxPool --batch_size=128 --learning_rate=0.01 --dropout_rate=0.1 --random_seed=2,0.7450514997911603
repeat_20_40_1_1,--pad_size=20 --tag_threshold=40 --layer_capacity=128 --pooling_layer=GlobalMaxPool --batch_size=256 --learning_rate=0.1 --dropout_rate=0.1 --random_seed=1,0.7495656066593992
repeat_20_5_2_1,--pad_size=20 --tag_threshold=5 --layer_capacity=64 --pooling_layer=GlobalMaxPool --batch_size=256 --learning_rate=0.001 --dropout_rate=0.1 --random_seed=1,0.7387071053626898
repeat_20_80_2_1,--pad_size=20 --tag_threshold=80 --layer_capacity=128 --pooling_layer=GlobalMaxPool --batch_size=128 --learning_rate=0.01 --dropout_rate=0.2 --random_seed=1,0.7383684909384708
repeat_2_10_2_1,--pad_size=2 --tag_threshold=10 --layer_capacity=64 --pooling_layer=GlobalMaxPool --batch_size=128 --learning_rate=0.01 --dropout_rate=0.1 --random_seed=1,0.7126462819967274
repeat_2_2_1_2,--pad_size=2 --tag_threshold=2 --layer_capacity=64 --pooling_layer=GlobalAveragePooling --batch_size=256 --learning_rate=0.01 --dropout_rate=0.0 --random_seed=2,0.7145566777995319
repeat_2_2_2_2,--pad_size=2 --tag_threshold=2 --layer_capacity=128 --pooling_layer=GlobalAveragePooling --batch_size=128 --learning_rate=0.001 --dropout_rate=0.3 --random_seed=2,0.7108312006665439
repeat_2_40_2_2,--pad_size=2 --tag_threshold=40 --layer_capacity=128 --pooling_layer=GlobalMaxPool --batch_size=128 --learning_rate=0.01 --dropout_rate=0.2 --random_seed=2,0.7049179005998466
repeat_2_5_1_2,--pad_size=2 --tag_threshold=5 --layer_capacity=128 --pooling_layer=GlobalAveragePooling --batch_size=256 --learning_rate=0.1 --dropout_rate=0.1 --random_seed=2,0.7135203672943956
repeat_2_5_2_1,--pad_size=2 --tag_threshold=5 --layer_capacity=128 --pooling_layer=GlobalMaxPool --batch_size=256 --learning_rate=0.01 --dropout_rate=0.1 --random_seed=1,0.7134270566794771
repeat_40_2_0_1,--pad_size=40 --tag_threshold=2 --layer_capacity=64 --pooling_layer=GlobalMaxPool --batch_size=256 --learning_rate=0.1 --dropout_rate=0.2 --random_seed=1,0.7341735798184716
repeat_40_20_1_2,--pad_size=40 --tag_threshold=20 --layer_capacity=64 --pooling_layer=GlobalMaxPool --batch_size=128 --learning_rate=0.1 --dropout_rate=0.1 --random_seed=2,0.7474483666228321
repeat_40_2_2_1,--pad_size=40 --tag_threshold=2 --layer_capacity=64 --pooling_layer=GlobalMaxPool --batch_size=256 --learning_rate=0.001 --dropout_rate=0.3 --random_seed=1,0.7362233627637329
repeat_40_5_1_2,--pad_size=40 --tag_threshold=5 --layer_capacity=128 --pooling_layer=GlobalMaxPool --batch_size=128 --learning_rate=0.001 --dropout_rate=0.2 --random_seed=2,0.7384210354398516
repeat_40_80_0_1,--pad_size=40 --tag_threshold=80 --layer_capacity=64 --pooling_layer=GlobalMaxPool --batch_size=128 --learning_rate=0.01 --dropout_rate=0.0 --random_seed=1,0.7441238658990569
repeat_40_80_0_2,--pad_size=40 --tag_threshold=80 --layer_capacity=64 --pooling_layer=GlobalMaxPool --batch_size=128 --learning_rate=0.01 --dropout_rate=0.0 --random_seed=2,0.7438079373211111
repeat_40_80_2_1,--pad_size=40 --tag_threshold=80 --layer_capacity=128 --pooling_layer=GlobalMaxPool --batch_size=128 --learning_rate=0.001 --dropout_rate=0.0 --random_seed=1,0.7429582184580469
repeat_5_10_2_1,--pad_size=5 --tag_threshold=10 --layer_capacity=64 --pooling_layer=GlobalMaxPool --batch_size=256 --learning_rate=0.001 --dropout_rate=0.2 --random_seed=1,0.7337016519619822
repeat_5_20_2_1,--pad_size=5 --tag_threshold=20 --layer_capacity=64 --pooling_layer=GlobalMaxPool --batch_size=128 --learning_rate=0.001 --dropout_rate=0.1 --random_seed=1,0.7348846913177149
repeat_5_2_1_1,--pad_size=5 --tag_threshold=2 --layer_capacity=128 --pooling_layer=GlobalMaxPool --batch_size=128 --learning_rate=0.1 --dropout_rate=0.3 --random_seed=1,0.7288706648236095
repeat_5_2_2_2,--pad_size=5 --tag_threshold=2 --layer_capacity=64 --pooling_layer=GlobalAveragePooling --batch_size=128 --learning_rate=0.01 --dropout_rate=0.1 --random_seed=2,0.7316884836694191
repeat_5_40_1_2,--pad_size=5 --tag_threshold=40 --layer_capacity=128 --pooling_layer=GlobalMaxPool --batch_size=128 --learning_rate=0.01 --dropout_rate=0.1 --random_seed=2,0.7348144312576149
repeat_5_40_2_1,--pad_size=5 --tag_threshold=40 --layer_capacity=64 --pooling_layer=GlobalMaxPool --batch_size=256 --learning_rate=0.001 --dropout_rate=0.1 --random_seed=1,0.7235299817283292
repeat_5_5_1_2,--pad_size=5 --tag_threshold=5 --layer_capacity=128 --pooling_layer=GlobalMaxPool --batch_size=128 --learning_rate=0.001 --dropout_rate=0.3 --random_seed=2,0.7285206745028389
repeat_5_80_0_2,--pad_size=5 --tag_threshold=80 --layer_capacity=128 --pooling_layer=GlobalAveragePooling --batch_size=128 --learning_rate=0.01 --dropout_rate=0.0 --random_seed=2,0.7267417627000298
repeat_80_10_0_2,--pad_size=80 --tag_threshold=10 --layer_capacity=64 --pooling_layer=GlobalMaxPool --batch_size=128 --learning_rate=0.1 --dropout_rate=0.1 --random_seed=2,0.7468458986520965
repeat_80_10_1_1,--pad_size=80 --tag_threshold=10 --layer_capacity=64 --pooling_layer=GlobalMaxPool --batch_size=128 --learning_rate=0.001 --dropout_rate=0.1 --random_seed=1,0.7489467217732203
repeat_80_10_2_1,--pad_size=80 --tag_threshold=10 --layer_capacity=64 --pooling_layer=GlobalMaxPool --batch_size=128 --learning_rate=0.001 --dropout_rate=0.0 --random_seed=1,0.7398753309096999
repeat_80_20_1_1,--pad_size=80 --tag_threshold=20 --layer_capacity=64 --pooling_layer=GlobalMaxPool --batch_size=128 --learning_rate=0.1 --dropout_rate=0.0 --random_seed=1,0.7402644418361904
repeat_80_2_0_2,--pad_size=80 --tag_threshold=2 --layer_capacity=64 --pooling_layer=GlobalMaxPool --batch_size=128 --learning_rate=0.1 --dropout_rate=0.0 --random_seed=2,0.7394256583926626
repeat_80_20_2_2,--pad_size=80 --tag_threshold=20 --layer_capacity=128 --pooling_layer=GlobalMaxPool --batch_size=128 --learning_rate=0.01 --dropout_rate=0.4 --random_seed=2,0.7346619184437853
repeat_80_2_2_1,--pad_size=80 --tag_threshold=2 --layer_capacity=64 --pooling_layer=GlobalMaxPool --batch_size=128 --learning_rate=0.01 --dropout_rate=0.3 --random_seed=1,0.7323784660754874
repeat_80_40_0_1,--pad_size=80 --tag_threshold=40 --layer_capacity=64 --pooling_layer=GlobalMaxPool --batch_size=128 --learning_rate=0.1 --dropout_rate=0.0 --random_seed=1,0.7398767737940838
repeat_80_40_1_1,--pad_size=80 --tag_threshold=40 --layer_capacity=64 --pooling_layer=GlobalMaxPool --batch_size=128 --learning_rate=0.001 --dropout_rate=0.0 --random_seed=1,0.7501916870219411
repeat_80_5_0_1,--pad_size=80 --tag_threshold=5 --layer_capacity=64 --pooling_layer=GlobalMaxPool --batch_size=128 --learning_rate=0.001 --dropout_rate=0.1 --random_seed=1,0.7384297553004839
repeat_10_10_1_1,--pad_size=10 --tag_threshold=10 --layer_capacity=128 --pooling_layer=GlobalMaxPool --batch_size=256 --learning_rate=0.01 --dropout_rate=0.3 --random_seed=1,0.7407298335354965
repeat_10_10_2_2,--pad_size=10 --tag_threshold=10 --layer_capacity=128 --pooling_layer=GlobalAveragePooling --batch_size=128 --learning_rate=0.1 --dropout_rate=0.0 --random_seed=2,0.7376956756666506
repeat_10_20_1_1,--pad_size=10 --tag_threshold=20 --layer_capacity=64 --pooling_layer=GlobalMaxPool --batch_size=128 --learning_rate=0.001 --dropout_rate=0.1 --random_seed=1,0.745530934920945
repeat_10_20_2_1,--pad_size=10 --tag_threshold=20 --layer_capacity=128 --pooling_layer=GlobalMaxPool --batch_size=256 --learning_rate=0.1 --dropout_rate=0.1 --random_seed=1,0.7431586987144334
repeat_10_2_1_2,--pad_size=10 --tag_threshold=2 --layer_capacity=128 --pooling_layer=GlobalMaxPool --batch_size=128 --learning_rate=0.1 --dropout_rate=0.1 --random_seed=2,0.7296472454006476
repeat_10_40_0_1,--pad_size=10 --tag_threshold=40 --layer_capacity=64 --pooling_layer=GlobalMaxPool --batch_size=256 --learning_rate=0.1 --dropout_rate=0.0 --random_seed=1,0.7418813083313538
repeat_10_40_2_2,--pad_size=10 --tag_threshold=40 --layer_capacity=64 --pooling_layer=GlobalMaxPool --batch_size=128 --learning_rate=0.01 --dropout_rate=0.0 --random_seed=2,0.7434730887014965
repeat_10_5_1_2,--pad_size=10 --tag_threshold=5 --layer_capacity=128 --pooling_layer=GlobalAveragePooling --batch_size=128 --learning_rate=0.001 --dropout_rate=0.2 --random_seed=2,0.7312751469524359
repeat_10_5_2_2,--pad_size=10 --tag_threshold=5 --layer_capacity=128 --pooling_layer=GlobalMaxPool --batch_size=256 --learning_rate=0.01 --dropout_rate=0.4 --random_seed=2,0.733284074957127
repeat_10_80_0_1,--pad_size=10 --tag_threshold=80 --layer_capacity=128 --pooling_layer=GlobalMaxPool --batch_size=256 --learning_rate=0.01 --dropout_rate=0.1 --random_seed=1,0.7377974782119676
repeat_10_80_2_2,--pad_size=10 --tag_threshold=80 --layer_capacity=128 --pooling_layer=GlobalMaxPool --batch_size=128 --learning_rate=0.001 --dropout_rate=0.0 --random_seed=2,0.7334184816580301
repeat_160_10_0_1,--pad_size=160 --tag_threshold=10 --layer_capacity=128 --pooling_layer=GlobalMaxPool --batch_size=256 --learning_rate=0.1 --dropout_rate=0.2 --random_seed=1,0.7391006804255845
repeat_160_20_0_1,--pad_size=160 --tag_threshold=20 --layer_capacity=64 --pooling_layer=GlobalMaxPool --batch_size=128 --learning_rate=0.1 --dropout_rate=0.1 --random_seed=1,0.7462839751694763
repeat_160_20_1_1,--pad_size=160 --tag_threshold=20 --layer_capacity=128 --pooling_layer=GlobalMaxPool --batch_size=256 --learning_rate=0.1 --dropout_rate=0.2 --random_seed=1,0.7450981441672714
repeat_160_20_2_2,--pad_size=160 --tag_threshold=20 --layer_capacity=128 --pooling_layer=GlobalMaxPool --batch_size=256 --learning_rate=0.001 --dropout_rate=0.2 --random_seed=2,0.7492326096344869
repeat_160_2_2_2,--pad_size=160 --tag_threshold=2 --layer_capacity=64 --pooling_layer=GlobalMaxPool --batch_size=128 --learning_rate=0.01 --dropout_rate=0.3 --random_seed=2,0.7338827755578969
repeat_160_40_0_1,--pad_size=160 --tag_threshold=40 --layer_capacity=128 --pooling_layer=GlobalMaxPool --batch_size=256 --learning_rate=0.001 --dropout_rate=0.0 --random_seed=1,0.7409584109167074
repeat_160_40_0_2,--pad_size=160 --tag_threshold=40 --layer_capacity=128 --pooling_layer=GlobalMaxPool --batch_size=256 --learning_rate=0.001 --dropout_rate=0.0 --random_seed=2,0.7443405541527355
repeat_160_40_2_1,--pad_size=160 --tag_threshold=40 --layer_capacity=128 --pooling_layer=GlobalMaxPool --batch_size=256 --learning_rate=0.001 --dropout_rate=0.2 --random_seed=1,0.7409220494739196
repeat_160_40_2_2,--pad_size=160 --tag_threshold=40 --layer_capacity=128 --pooling_layer=GlobalMaxPool --batch_size=256 --learning_rate=0.001 --dropout_rate=0.2 --random_seed=2,0.7441562589864957
repeat_160_5_1_1,--pad_size=160 --tag_threshold=5 --layer_capacity=128 --pooling_layer=GlobalMaxPool --batch_size=128 --learning_rate=0.1 --dropout_rate=0.0 --random_seed=1,0.7432014854968207
repeat_160_80_0_1,--pad_size=160 --tag_threshold=80 --layer_capacity=128 --pooling_layer=GlobalMaxPool --batch_size=256 --learning_rate=0.001 --dropout_rate=0.1 --random_seed=1,0.7392555598011381
repeat_160_80_2_1,--pad_size=160 --tag_threshold=80 --layer_capacity=64 --pooling_layer=GlobalMaxPool --batch_size=256 --learning_rate=0.1 --dropout_rate=0.1 --random_seed=1,0.7390226029208794
repeat_20_10_1_1,--pad_size=20 --tag_threshold=10 --layer_capacity=64 --pooling_layer=GlobalMaxPool --batch_size=128 --learning_rate=0.01 --dropout_rate=0.1 --random_seed=1,0.7487215260448457
repeat_20_20_0_1,--pad_size=20 --tag_threshold=20 --layer_capacity=128 --pooling_layer=GlobalMaxPool --batch_size=128 --learning_rate=0.1 --dropout_rate=0.0 --random_seed=1,0.7430538616757009
repeat_20_20_1_2,--pad_size=20 --tag_threshold=20 --layer_capacity=64 --pooling_layer=GlobalMaxPool --batch_size=128 --learning_rate=0.01 --dropout_rate=0.1 --random_seed=2,0.7480968262461966
repeat_20_20_2_2,--pad_size=20 --tag_threshold=20 --layer_capacity=128 --pooling_layer=GlobalMaxPool --batch_size=256 --learning_rate=0.01 --dropout_rate=0.0 --random_seed=2,0.7384492136127335
repeat_20_2_1_1,--pad_size=20 --tag_threshold=2 --layer_capacity=128 --pooling_layer=GlobalMaxPool --batch_size=128 --learning_rate=0.1 --dropout_rate=0.1 --random_seed=1,0.73869294087317
repeat_20_2_2_1,--pad_size=20 --tag_threshold=2 --layer_capacity=64 --pooling_layer=GlobalMaxPool --batch_size=256 --learning_rate=0.001 --dropout_rate=0.0 --random_seed=1,0.7365220961781715
repeat_20_2_2_2,--pad_size=20 --tag_threshold=2 --layer_capacity=64 --pooling_layer=GlobalMaxPool --batch_size=256 --learning_rate=0.001 --dropout_rate=0.0 --random_seed=2,0.7356085286520517
repeat_20_5_1_2,--pad_size=20 --tag_threshold=5 --layer_capacity=64 --pooling_layer=GlobalMaxPool --batch_size=256 --learning_rate=0.1 --dropout_rate=0.1 --random_seed=2,0.7371341469766042
repeat_20_80_1_1,--pad_size=20 --tag_threshold=80 --layer_capacity=64 --pooling_layer=GlobalMaxPool --batch_size=256 --learning_rate=0.01 --dropout_rate=0.1 --random_seed=1,0.7403247194721859
repeat_2_10_1_1,--pad_size=2 --tag_threshold=10 --layer_capacity=128 --pooling_layer=GlobalMaxPool --batch_size=256 --learning_rate=0.001 --dropout_rate=0.2 --random_seed=1,0.7103710481734805
repeat_2_10_2_2,--pad_size=2 --tag_threshold=10 --layer_capacity=64 --pooling_layer=GlobalMaxPool --batch_size=128 --learning_rate=0.01 --dropout_rate=0.1 --random_seed=2,0.7131964505016802
repeat_2_20_0_1,--pad_size=2 --tag_threshold=20 --layer_capacity=64 --pooling_layer=GlobalAveragePooling --batch_size=128 --learning_rate=0.1 --dropout_rate=0.2 --random_seed=1,0.7089045156621734
repeat_2_20_0_2,--pad_size=2 --tag_threshold=20 --layer_capacity=64 --pooling_layer=GlobalAveragePooling --batch_size=128 --learning_rate=0.1 --dropout_rate=0.2 --random_seed=2,0.7076101144643085
repeat_2_2_0_1,--pad_size=2 --tag_threshold=2 --layer_capacity=128 --pooling_layer=GlobalAveragePooling --batch_size=128 --learning_rate=0.01 --dropout_rate=0.1 --random_seed=1,0.7129193343886429
repeat_2_20_2_1,--pad_size=2 --tag_threshold=20 --layer_capacity=64 --pooling_layer=GlobalAveragePooling --batch_size=128 --learning_rate=0.1 --dropout_rate=0.3 --random_seed=1,0.707054407718903
repeat_2_2_1_1,--pad_size=2 --tag_threshold=2 --layer_capacity=64 --pooling_layer=GlobalAveragePooling --batch_size=256 --learning_rate=0.01 --dropout_rate=0.0 --random_seed=1,0.7177874679334618
repeat_2_2_2_1,--pad_size=2 --tag_threshold=2 --layer_capacity=128 --pooling_layer=GlobalAveragePooling --batch_size=128 --learning_rate=0.001 --dropout_rate=0.3 --random_seed=1,0.7139744634803464
repeat_2_40_1_1,--pad_size=2 --tag_threshold=40 --layer_capacity=128 --pooling_layer=GlobalAveragePooling --batch_size=128 --learning_rate=0.01 --dropout_rate=0.2 --random_seed=1,0.703132954819126
repeat_2_40_2_1,--pad_size=2 --tag_threshold=40 --layer_capacity=128 --pooling_layer=GlobalMaxPool --batch_size=128 --learning_rate=0.01 --dropout_rate=0.2 --random_seed=1,0.7006136012297165
repeat_2_5_0_2,--pad_size=2 --tag_threshold=5 --layer_capacity=64 --pooling_layer=GlobalMaxPool --batch_size=256 --learning_rate=0.001 --dropout_rate=0.0 --random_seed=2,0.7119539356115218
repeat_2_5_2_2,--pad_size=2 --tag_threshold=5 --layer_capacity=128 --pooling_layer=GlobalMaxPool --batch_size=256 --learning_rate=0.01 --dropout_rate=0.1 --random_seed=2,0.7095081307390305
repeat_2_80_0_1,--pad_size=2 --tag_threshold=80 --layer_capacity=64 --pooling_layer=GlobalAveragePooling --batch_size=128 --learning_rate=0.1 --dropout_rate=0.1 --random_seed=1,0.7011314284647023
repeat_2_80_1_1,--pad_size=2 --tag_threshold=80 --layer_capacity=128 --pooling_layer=GlobalAveragePooling --batch_size=256 --learning_rate=0.1 --dropout_rate=0.1 --random_seed=1,0.7031041887304537
repeat_40_10_0_1,--pad_size=40 --tag_threshold=10 --layer_capacity=128 --pooling_layer=GlobalMaxPool --batch_size=128 --learning_rate=0.01 --dropout_rate=0.1 --random_seed=1,0.7438220720894291
repeat_40_10_2_1,--pad_size=40 --tag_threshold=10 --layer_capacity=64 --pooling_layer=GlobalMaxPool --batch_size=128 --learning_rate=0.1 --dropout_rate=0.1 --random_seed=1,0.7454081819634907
repeat_40_20_0_1,--pad_size=40 --tag_threshold=20 --layer_capacity=64 --pooling_layer=GlobalMaxPool --batch_size=256 --learning_rate=0.1 --dropout_rate=0.1 --random_seed=1,0.7467742031447223
repeat_40_20_0_2,--pad_size=40 --tag_threshold=20 --layer_capacity=64 --pooling_layer=GlobalMaxPool --batch_size=256 --learning_rate=0.1 --dropout_rate=0.1 --random_seed=2,0.7437246197838879
repeat_40_20_2_1,--pad_size=40 --tag_threshold=20 --layer_capacity=128 --pooling_layer=GlobalMaxPool --batch_size=256 --learning_rate=0.001 --dropout_rate=0.0 --random_seed=1,0.7435020792304219
repeat_40_40_2_2,--pad_size=40 --tag_threshold=40 --layer_capacity=128 --pooling_layer=GlobalMaxPool --batch_size=256 --learning_rate=0.01 --dropout_rate=0.0 --random_seed=2,0.7437845430424849
repeat_40_5_2_2,--pad_size=40 --tag_threshold=5 --layer_capacity=128 --pooling_layer=GlobalMaxPool --batch_size=128 --learning_rate=0.1 --dropout_rate=0.1 --random_seed=2,0.7413277176548003
repeat_40_80_2_2,--pad_size=40 --tag_threshold=80 --layer_capacity=128 --pooling_layer=GlobalMaxPool --batch_size=128 --learning_rate=0.001 --dropout_rate=0.0 --random_seed=2,0.7408399895920894
repeat_5_10_0_1,--pad_size=5 --tag_threshold=10 --layer_capacity=64 --pooling_layer=GlobalAveragePooling --batch_size=128 --learning_rate=0.001 --dropout_rate=0.0 --random_seed=1,0.7398756819443931
repeat_5_10_2_2,--pad_size=5 --tag_threshold=10 --layer_capacity=64 --pooling_layer=GlobalMaxPool --batch_size=256 --learning_rate=0.001 --dropout_rate=0.2 --random_seed=2,0.7310628111745151
repeat_5_20_0_2,--pad_size=5 --tag_threshold=20 --layer_capacity=128 --pooling_layer=GlobalAveragePooling --batch_size=128 --learning_rate=0.001 --dropout_rate=0.0 --random_seed=2,0.7394451362292515
repeat_5_20_1_1,--pad_size=5 --tag_threshold=20 --layer_capacity=128 --pooling_layer=GlobalMaxPool --batch_size=128 --learning_rate=0.001 --dropout_rate=0.1 --random_seed=1,0.735275715292093
repeat_5_2_0_2,--pad_size=5 --tag_threshold=2 --layer_capacity=128 --pooling_layer=GlobalAveragePooling --batch_size=128 --learning_rate=0.01 --dropout_rate=0.0 --random_seed=2,0.7262120779595014
repeat_5_20_2_2,--pad_size=5 --tag_threshold=20 --layer_capacity=64 --pooling_layer=GlobalMaxPool --batch_size=128 --learning_rate=0.001 --dropout_rate=0.1 --random_seed=2,0.7344423210611548
repeat_5_40_0_2,--pad_size=5 --tag_threshold=40 --layer_capacity=128 --pooling_layer=GlobalAveragePooling --batch_size=128 --learning_rate=0.1 --dropout_rate=0.0 --random_seed=2,0.7317083129678026
repeat_5_5_0_2,--pad_size=5 --tag_threshold=5 --layer_capacity=64 --pooling_layer=GlobalAveragePooling --batch_size=256 --learning_rate=0.001 --dropout_rate=0.0 --random_seed=2,0.732326844016119
repeat_5_5_2_1,--pad_size=5 --tag_threshold=5 --layer_capacity=64 --pooling_layer=GlobalAveragePooling --batch_size=256 --learning_rate=0.001 --dropout_rate=0.1 --random_seed=1,0.7321678772570679
repeat_5_80_0_1,--pad_size=5 --tag_threshold=80 --layer_capacity=128 --pooling_layer=GlobalAveragePooling --batch_size=128 --learning_rate=0.01 --dropout_rate=0.0 --random_seed=1,0.7281003721978165
repeat_5_80_1_1,--pad_size=5 --tag_threshold=80 --layer_capacity=128 --pooling_layer=GlobalMaxPool --batch_size=256 --learning_rate=0.01 --dropout_rate=0.2 --random_seed=1,0.7211062997207234
repeat_5_80_1_2,--pad_size=5 --tag_threshold=80 --layer_capacity=128 --pooling_layer=GlobalMaxPool --batch_size=256 --learning_rate=0.01 --dropout_rate=0.2 --random_seed=2,0.7277468718037587
repeat_80_10_1_2,--pad_size=80 --tag_threshold=10 --layer_capacity=64 --pooling_layer=GlobalMaxPool --batch_size=128 --learning_rate=0.001 --dropout_rate=0.1 --random_seed=2,0.742897041779929
repeat_80_20_0_2,--pad_size=80 --tag_threshold=20 --layer_capacity=128 --pooling_layer=GlobalMaxPool --batch_size=128 --learning_rate=0.001 --dropout_rate=0.1 --random_seed=2,0.7378370745735318
repeat_80_2_0_1,--pad_size=80 --tag_threshold=2 --layer_capacity=64 --pooling_layer=GlobalMaxPool --batch_size=128 --learning_rate=0.1 --dropout_rate=0.0 --random_seed=1,0.7271963688869804
repeat_80_20_2_1,--pad_size=80 --tag_threshold=20 --layer_capacity=128 --pooling_layer=GlobalMaxPool --batch_size=128 --learning_rate=0.01 --dropout_rate=0.4 --random_seed=1,0.7370231485982213
repeat_80_2_1_1,--pad_size=80 --tag_threshold=2 --layer_capacity=64 --pooling_layer=GlobalMaxPool --batch_size=256 --learning_rate=0.001 --dropout_rate=0.2 --random_seed=1,0.7347265833263095
repeat_80_40_0_2,--pad_size=80 --tag_threshold=40 --layer_capacity=64 --pooling_layer=GlobalMaxPool --batch_size=128 --learning_rate=0.1 --dropout_rate=0.0 --random_seed=2,0.7383343207231507
repeat_80_40_1_2,--pad_size=80 --tag_threshold=40 --layer_capacity=64 --pooling_layer=GlobalMaxPool --batch_size=128 --learning_rate=0.001 --dropout_rate=0.0 --random_seed=2,0.7443798710681765
repeat_80_80_0_2,--pad_size=80 --tag_threshold=80 --layer_capacity=128 --pooling_layer=GlobalMaxPool --batch_size=128 --learning_rate=0.01 --dropout_rate=0.0 --random_seed=2,0.7353918480803019
repeat_80_80_1_2,--pad_size=80 --tag_threshold=80 --layer_capacity=128 --pooling_layer=GlobalMaxPool --batch_size=256 --learning_rate=0.001 --dropout_rate=0.0 --random_seed=2,0.7410549162049751
repeat_10_10_0_1,--pad_size=10 --tag_threshold=10 --layer_capacity=64 --pooling_layer=GlobalMaxPool --batch_size=128 --learning_rate=0.01 --dropout_rate=0.1 --random_seed=1,0.7434078214923068
repeat_10_10_0_2,--pad_size=10 --tag_threshold=10 --layer_capacity=64 --pooling_layer=GlobalMaxPool --batch_size=128 --learning_rate=0.01 --dropout_rate=0.1 --random_seed=2,0.7444987371851379
repeat_10_2_0_1,--pad_size=10 --tag_threshold=2 --layer_capacity=64 --pooling_layer=GlobalMaxPool --batch_size=128 --learning_rate=0.001 --dropout_rate=0.1 --random_seed=1,0.7304067398846723
repeat_10_20_2_2,--pad_size=10 --tag_threshold=20 --layer_capacity=128 --pooling_layer=GlobalMaxPool --batch_size=256 --learning_rate=0.1 --dropout_rate=0.1 --random_seed=2,0.7391397277053697
repeat_10_2_2_1,--pad_size=10 --tag_threshold=2 --layer_capacity=64 --pooling_layer=GlobalMaxPool --batch_size=256 --learning_rate=0.01 --dropout_rate=0.4 --random_seed=1,0.7275899127163815
repeat_10_40_0_2,--pad_size=10 --tag_threshold=40 --layer_capacity=64 --pooling_layer=GlobalMaxPool --batch_size=256 --learning_rate=0.1 --dropout_rate=0.0 --random_seed=2,0.741480966754652
repeat_10_40_2_1,--pad_size=10 --tag_threshold=40 --layer_capacity=64 --pooling_layer=GlobalMaxPool --batch_size=128 --learning_rate=0.01 --dropout_rate=0.0 --random_seed=1,0.7448837250948631
repeat_10_5_0_1,--pad_size=10 --tag_threshold=5 --layer_capacity=64 --pooling_layer=GlobalMaxPool --batch_size=256 --learning_rate=0.1 --dropout_rate=0.3 --random_seed=1,0.7375428641080494
repeat_10_5_0_2,--pad_size=10 --tag_threshold=5 --layer_capacity=64 --pooling_layer=GlobalMaxPool --batch_size=256 --learning_rate=0.1 --dropout_rate=0.3 --random_seed=2,0.7385254046507186
repeat_10_5_2_1,--pad_size=10 --tag_threshold=5 --layer_capacity=128 --pooling_layer=GlobalMaxPool --batch_size=256 --learning_rate=0.01 --dropout_rate=0.4 --random_seed=1,0.7357678456133956
repeat_10_80_0_2,--pad_size=10 --tag_threshold=80 --layer_capacity=128 --pooling_layer=GlobalMaxPool --batch_size=256 --learning_rate=0.01 --dropout_rate=0.1 --random_seed=2,0.7416856892362633
repeat_10_80_1_1,--pad_size=10 --tag_threshold=80 --layer_capacity=64 --pooling_layer=GlobalAveragePooling --batch_size=128 --learning_rate=0.01 --dropout_rate=0.0 --random_seed=1,0.7374485219293712
repeat_160_10_1_1,--pad_size=160 --tag_threshold=10 --layer_capacity=128 --pooling_layer=GlobalMaxPool --batch_size=128 --learning_rate=0.01 --dropout_rate=0.3 --random_seed=1,0.7420528099542366
repeat_160_20_1_2,--pad_size=160 --tag_threshold=20 --layer_capacity=128 --pooling_layer=GlobalMaxPool --batch_size=256 --learning_rate=0.1 --dropout_rate=0.2 --random_seed=2,0.7459403312295624
repeat_160_2_1_2,--pad_size=160 --tag_threshold=2 --layer_capacity=128 --pooling_layer=GlobalMaxPool --batch_size=128 --learning_rate=0.001 --dropout_rate=0.0 --random_seed=2,0.7372399495442752
repeat_160_2_2_1,--pad_size=160 --tag_threshold=2 --layer_capacity=64 --pooling_layer=GlobalMaxPool --batch_size=128 --learning_rate=0.01 --dropout_rate=0.3 --random_seed=1,0.7303697643395392
repeat_160_40_1_1,--pad_size=160 --tag_threshold=40 --layer_capacity=128 --pooling_layer=GlobalMaxPool --batch_size=256 --learning_rate=0.001 --dropout_rate=0.1 --random_seed=1,0.7469452308697075
repeat_160_5_1_2,--pad_size=160 --tag_threshold=5 --layer_capacity=128 --pooling_layer=GlobalMaxPool --batch_size=128 --learning_rate=0.1 --dropout_rate=0.0 --random_seed=2,0.7416463783231125
repeat_160_80_1_1,--pad_size=160 --tag_threshold=80 --layer_capacity=64 --pooling_layer=GlobalMaxPool --batch_size=128 --learning_rate=0.01 --dropout_rate=0.0 --random_seed=1,0.7452113722532198
repeat_20_10_0_1,--pad_size=20 --tag_threshold=10 --layer_capacity=128 --pooling_layer=GlobalMaxPool --batch_size=128 --learning_rate=0.1 --dropout_rate=0.1 --random_seed=1,0.7488347860549546
repeat_20_10_1_2,--pad_size=20 --tag_threshold=10 --layer_capacity=64 --pooling_layer=GlobalMaxPool --batch_size=128 --learning_rate=0.01 --dropout_rate=0.1 --random_seed=2,0.7494769225398723
repeat_20_10_2_1,--pad_size=20 --tag_threshold=10 --layer_capacity=64 --pooling_layer=GlobalMaxPool --batch_size=128 --learning_rate=0.01 --dropout_rate=0.1 --random_seed=1,0.7483174535126089
repeat_20_20_1_1,--pad_size=20 --tag_threshold=20 --layer_capacity=64 --pooling_layer=GlobalMaxPool --batch_size=128 --learning_rate=0.01 --dropout_rate=0.1 --random_seed=1,0.7476981528512773
repeat_20_2_0_2,--pad_size=20 --tag_threshold=2 --layer_capacity=64 --pooling_layer=GlobalMaxPool --batch_size=256 --learning_rate=0.001 --dropout_rate=0.1 --random_seed=2,0.7279338853661407
repeat_20_2_1_2,--pad_size=20 --tag_threshold=2 --layer_capacity=128 --pooling_layer=GlobalMaxPool --batch_size=128 --learning_rate=0.1 --dropout_rate=0.1 --random_seed=2,0.7357940169580321
repeat_20_40_0_1,--pad_size=20 --tag_threshold=40 --layer_capacity=64 --pooling_layer=GlobalMaxPool --batch_size=128 --learning_rate=0.01 --dropout_rate=0.1 --random_seed=1,0.7415100507522504
repeat_20_40_1_2,--pad_size=20 --tag_threshold=40 --layer_capacity=128 --pooling_layer=GlobalMaxPool --batch_size=256 --learning_rate=0.1 --dropout_rate=0.1 --random_seed=2,0.7436811539078568
repeat_20_40_2_2,--pad_size=20 --tag_threshold=40 --layer_capacity=128 --pooling_layer=GlobalMaxPool --batch_size=256 --learning_rate=0.01 --dropout_rate=0.2 --random_seed=2,0.7379587834907909
repeat_20_5_0_1,--pad_size=20 --tag_threshold=5 --layer_capacity=64 --pooling_layer=GlobalMaxPool --batch_size=256 --learning_rate=0.01 --dropout_rate=0.2 --random_seed=1,0.7438983735984792
repeat_20_5_2_2,--pad_size=20 --tag_threshold=5 --layer_capacity=64 --pooling_layer=GlobalMaxPool --batch_size=256 --learning_rate=0.001 --dropout_rate=0.1 --random_seed=2,0.737547969996443
repeat_20_80_0_1,--pad_size=20 --tag_threshold=80 --layer_capacity=128 --pooling_layer=GlobalMaxPool --batch_size=128 --learning_rate=0.01 --dropout_rate=0.2 --random_seed=1,0.7406906638056003
repeat_20_80_0_2,--pad_size=20 --tag_threshold=80 --layer_capacity=128 --pooling_layer=GlobalMaxPool --batch_size=128 --learning_rate=0.01 --dropout_rate=0.2 --random_seed=2,0.7385252622810524
repeat_2_10_0_1,--pad_size=2 --tag_threshold=10 --layer_capacity=128 --pooling_layer=GlobalMaxPool --batch_size=256 --learning_rate=0.01 --dropout_rate=0.3 --random_seed=1,0.7079334523745948
repeat_2_40_0_1,--pad_size=2 --tag_threshold=40 --layer_capacity=128 --pooling_layer=GlobalAveragePooling --batch_size=256 --learning_rate=0.01 --dropout_rate=0.2 --random_seed=1,0.704274654546712
repeat_2_40_0_2,--pad_size=2 --tag_threshold=40 --layer_capacity=128 --pooling_layer=GlobalAveragePooling --batch_size=256 --learning_rate=0.01 --dropout_rate=0.2 --random_seed=2,0.7027304573878137
repeat_2_5_1_1,--pad_size=2 --tag_threshold=5 --layer_capacity=128 --pooling_layer=GlobalAveragePooling --batch_size=256 --learning_rate=0.1 --dropout_rate=0.1 --random_seed=1,0.7151246930665331
repeat_2_80_0_2,--pad_size=2 --tag_threshold=80 --layer_capacity=64 --pooling_layer=GlobalAveragePooling --batch_size=128 --learning_rate=0.1 --dropout_rate=0.1 --random_seed=2,0.7005723796229142
repeat_2_80_1_2,--pad_size=2 --tag_threshold=80 --layer_capacity=128 --pooling_layer=GlobalAveragePooling --batch_size=256 --learning_rate=0.1 --dropout_rate=0.1 --random_seed=2,0.6992871705495316
repeat_2_80_2_2,--pad_size=2 --tag_threshold=80 --layer_capacity=128 --pooling_layer=GlobalAveragePooling --batch_size=128 --learning_rate=0.01 --dropout_rate=0.3 --random_seed=2,0.6980418439676156
repeat_40_10_0_2,--pad_size=40 --tag_threshold=10 --layer_capacity=128 --pooling_layer=GlobalMaxPool --batch_size=128 --learning_rate=0.01 --dropout_rate=0.1 --random_seed=2,0.743492983994491
repeat_40_10_1_1,--pad_size=40 --tag_threshold=10 --layer_capacity=64 --pooling_layer=GlobalMaxPool --batch_size=128 --learning_rate=0.1 --dropout_rate=0.1 --random_seed=1,0.7434283228329434
repeat_40_10_2_2,--pad_size=40 --tag_threshold=10 --layer_capacity=64 --pooling_layer=GlobalMaxPool --batch_size=128 --learning_rate=0.1 --dropout_rate=0.1 --random_seed=2,0.744925938561406
repeat_40_20_2_2,--pad_size=40 --tag_threshold=20 --layer_capacity=128 --pooling_layer=GlobalMaxPool --batch_size=256 --learning_rate=0.001 --dropout_rate=0.0 --random_seed=2,0.7418535797755432
repeat_40_2_1_2,--pad_size=40 --tag_threshold=2 --layer_capacity=64 --pooling_layer=GlobalMaxPool --batch_size=256 --learning_rate=0.1 --dropout_rate=0.1 --random_seed=2,0.7286687623892703
repeat_40_2_2_2,--pad_size=40 --tag_threshold=2 --layer_capacity=64 --pooling_layer=GlobalMaxPool --batch_size=256 --learning_rate=0.001 --dropout_rate=0.3 --random_seed=2,0.7328657365350416
repeat_40_40_0_1,--pad_size=40 --tag_threshold=40 --layer_capacity=64 --pooling_layer=GlobalMaxPool --batch_size=256 --learning_rate=0.1 --dropout_rate=0.1 --random_seed=1,0.7439864731127669
repeat_40_40_0_2,--pad_size=40 --tag_threshold=40 --layer_capacity=64 --pooling_layer=GlobalMaxPool --batch_size=256 --learning_rate=0.1 --dropout_rate=0.1 --random_seed=2,0.7453303178353652
repeat_40_40_1_1,--pad_size=40 --tag_threshold=40 --layer_capacity=64 --pooling_layer=GlobalMaxPool --batch_size=256 --learning_rate=0.01 --dropout_rate=0.0 --random_seed=1,0.746309958059498
repeat_40_40_2_1,--pad_size=40 --tag_threshold=40 --layer_capacity=128 --pooling_layer=GlobalMaxPool --batch_size=256 --learning_rate=0.01 --dropout_rate=0.0 --random_seed=1,0.7401661536932712
repeat_40_5_0_1,--pad_size=40 --tag_threshold=5 --layer_capacity=64 --pooling_layer=GlobalMaxPool --batch_size=256 --learning_rate=0.001 --dropout_rate=0.2 --random_seed=1,0.7412613651285728
repeat_40_5_0_2,--pad_size=40 --tag_threshold=5 --layer_capacity=64 --pooling_layer=GlobalMaxPool --batch_size=256 --learning_rate=0.001 --dropout_rate=0.2 --random_seed=2,0.7435005839049033
repeat_40_80_1_1,--pad_size=40 --tag_threshold=80 --layer_capacity=128 --pooling_layer=GlobalMaxPool --batch_size=128 --learning_rate=0.001 --dropout_rate=0.0 --random_seed=1,0.7450698449587431
repeat_40_80_1_2,--pad_size=40 --tag_threshold=80 --layer_capacity=128 --pooling_layer=GlobalMaxPool --batch_size=128 --learning_rate=0.001 --dropout_rate=0.0 --random_seed=2,0.7426010870822458
repeat_5_10_0_2,--pad_size=5 --tag_threshold=10 --layer_capacity=64 --pooling_layer=GlobalAveragePooling --batch_size=128 --learning_rate=0.001 --dropout_rate=0.0 --random_seed=2,0.7387411827821723
repeat_5_10_1_1,--pad_size=5 --tag_threshold=10 --layer_capacity=128 --pooling_layer=GlobalAveragePooling --batch_size=128 --learning_rate=0.001 --dropout_rate=0.1 --random_seed=1,0.7357293667044951
repeat_5_20_0_1,--pad_size=5 --tag_threshold=20 --layer_capacity=128 --pooling_layer=GlobalAveragePooling --batch_size=128 --learning_rate=0.001 --dropout_rate=0.0 --random_seed=1,0.7368757399583776
repeat_5_2_0_1,--pad_size=5 --tag_threshold=2 --layer_capacity=128 --pooling_layer=GlobalAveragePooling --batch_size=128 --learning_rate=0.01 --dropout_rate=0.0 --random_seed=1,0.7304246503405915
repeat_5_20_1_2,--pad_size=5 --tag_threshold=20 --layer_capacity=128 --pooling_layer=GlobalMaxPool --batch_size=128 --learning_rate=0.001 --dropout_rate=0.1 --random_seed=2,0.7368563376251943
repeat_5_2_2_1,--pad_size=5 --tag_threshold=2 --layer_capacity=64 --pooling_layer=GlobalAveragePooling --batch_size=128 --learning_rate=0.01 --dropout_rate=0.1 --random_seed=1,0.73101318353705
repeat_5_40_0_1,--pad_size=5 --tag_threshold=40 --layer_capacity=128 --pooling_layer=GlobalAveragePooling --batch_size=128 --learning_rate=0.1 --dropout_rate=0.0 --random_seed=1,0.7369255019710452
repeat_5_40_1_1,--pad_size=5 --tag_threshold=40 --layer_capacity=128 --pooling_layer=GlobalMaxPool --batch_size=128 --learning_rate=0.01 --dropout_rate=0.1 --random_seed=1,0.7336691602799879
repeat_5_40_2_2,--pad_size=5 --tag_threshold=40 --layer_capacity=64 --pooling_layer=GlobalMaxPool --batch_size=256 --learning_rate=0.001 --dropout_rate=0.1 --random_seed=2,0.7317961574024164
repeat_5_5_0_1,--pad_size=5 --tag_threshold=5 --layer_capacity=64 --pooling_layer=GlobalAveragePooling --batch_size=256 --learning_rate=0.001 --dropout_rate=0.0 --random_seed=1,0.7365891744528994
repeat_5_5_2_2,--pad_size=5 --tag_threshold=5 --layer_capacity=64 --pooling_layer=GlobalAveragePooling --batch_size=256 --learning_rate=0.001 --dropout_rate=0.1 --random_seed=2,0.7327259013977421
repeat_5_80_2_2,--pad_size=5 --tag_threshold=80 --layer_capacity=128 --pooling_layer=GlobalAveragePooling --batch_size=128 --learning_rate=0.001 --dropout_rate=0.2 --random_seed=2,0.7241549428220553
repeat_80_20_1_2,--pad_size=80 --tag_threshold=20 --layer_capacity=64 --pooling_layer=GlobalMaxPool --batch_size=128 --learning_rate=0.1 --dropout_rate=0.0 --random_seed=2,0.7448193238171267
repeat_80_2_2_2,--pad_size=80 --tag_threshold=2 --layer_capacity=64 --pooling_layer=GlobalMaxPool --batch_size=128 --learning_rate=0.01 --dropout_rate=0.3 --random_seed=2,0.7349978318264068
repeat_80_5_0_2,--pad_size=80 --tag_threshold=5 --layer_capacity=64 --pooling_layer=GlobalMaxPool --batch_size=128 --learning_rate=0.001 --dropout_rate=0.1 --random_seed=2,0.7451597660711436
repeat_80_5_1_1,--pad_size=80 --tag_threshold=5 --layer_capacity=128 --pooling_layer=GlobalMaxPool --batch_size=256 --learning_rate=0.001 --dropout_rate=0.1 --random_seed=1,0.7347827158626985
repeat_80_80_2_2,--pad_size=80 --tag_threshold=80 --layer_capacity=128 --pooling_layer=GlobalAveragePooling --batch_size=128 --learning_rate=0.001 --dropout_rate=0.1 --random_seed=2,0.7157721903508323
