repeat_10_10_0_0,--pad_size=10 --tag_threshold=10 --layer_capacity=64 --pooling_layer=GlobalMaxPool --batch_size=128 --learning_rate=0.01 --dropout_rate=0.1 --random_seed=0,0.7421077203924237
repeat_10_10_0_1,--pad_size=10 --tag_threshold=10 --layer_capacity=64 --pooling_layer=GlobalMaxPool --batch_size=128 --learning_rate=0.01 --dropout_rate=0.1 --random_seed=1,0.743407821
repeat_10_10_0_2,--pad_size=10 --tag_threshold=10 --layer_capacity=64 --pooling_layer=GlobalMaxPool --batch_size=128 --learning_rate=0.01 --dropout_rate=0.1 --random_seed=2,0.744498737
repeat_10_10_1_0,--pad_size=10 --tag_threshold=10 --layer_capacity=128 --pooling_layer=GlobalMaxPool --batch_size=256 --learning_rate=0.01 --dropout_rate=0.3 --random_seed=0,0.7391515937954728
repeat_10_10_1_1,--pad_size=10 --tag_threshold=10 --layer_capacity=128 --pooling_layer=GlobalMaxPool --batch_size=256 --learning_rate=0.01 --dropout_rate=0.3 --random_seed=1,0.740729834
repeat_10_10_1_2,--pad_size=10 --tag_threshold=10 --layer_capacity=128 --pooling_layer=GlobalMaxPool --batch_size=256 --learning_rate=0.01 --dropout_rate=0.3 --random_seed=2,0.73830935
repeat_10_10_2_0,--pad_size=10 --tag_threshold=10 --layer_capacity=128 --pooling_layer=GlobalAveragePooling --batch_size=128 --learning_rate=0.1 --dropout_rate=0.0 --random_seed=0,0.7370779383058236
repeat_10_10_2_1,--pad_size=10 --tag_threshold=10 --layer_capacity=128 --pooling_layer=GlobalAveragePooling --batch_size=128 --learning_rate=0.1 --dropout_rate=0.0 --random_seed=1,0.743087963
repeat_10_10_2_2,--pad_size=10 --tag_threshold=10 --layer_capacity=128 --pooling_layer=GlobalAveragePooling --batch_size=128 --learning_rate=0.1 --dropout_rate=0.0 --random_seed=2,0.737695676
repeat_10_20_0_0,--pad_size=10 --tag_threshold=20 --layer_capacity=64 --pooling_layer=GlobalMaxPool --batch_size=128 --learning_rate=0.01 --dropout_rate=0.0 --random_seed=0,0.7449824997961308
repeat_10_20_0_1,--pad_size=10 --tag_threshold=20 --layer_capacity=64 --pooling_layer=GlobalMaxPool --batch_size=128 --learning_rate=0.01 --dropout_rate=0.0 --random_seed=1,0.736313451
repeat_10_20_0_2,--pad_size=10 --tag_threshold=20 --layer_capacity=64 --pooling_layer=GlobalMaxPool --batch_size=128 --learning_rate=0.01 --dropout_rate=0.0 --random_seed=2,0.74577055
repeat_10_20_1_0,--pad_size=10 --tag_threshold=20 --layer_capacity=64 --pooling_layer=GlobalMaxPool --batch_size=128 --learning_rate=0.001 --dropout_rate=0.1 --random_seed=0,0.7440395812292082
repeat_10_20_1_1,--pad_size=10 --tag_threshold=20 --layer_capacity=64 --pooling_layer=GlobalMaxPool --batch_size=128 --learning_rate=0.001 --dropout_rate=0.1 --random_seed=1,0.745530935
repeat_10_20_1_2,--pad_size=10 --tag_threshold=20 --layer_capacity=64 --pooling_layer=GlobalMaxPool --batch_size=128 --learning_rate=0.001 --dropout_rate=0.1 --random_seed=2,0.74308638
repeat_10_20_2_0,--pad_size=10 --tag_threshold=20 --layer_capacity=128 --pooling_layer=GlobalMaxPool --batch_size=256 --learning_rate=0.1 --dropout_rate=0.1 --random_seed=0,0.7439920768137768
repeat_10_20_2_1,--pad_size=10 --tag_threshold=20 --layer_capacity=128 --pooling_layer=GlobalMaxPool --batch_size=256 --learning_rate=0.1 --dropout_rate=0.1 --random_seed=1,0.743158699
repeat_10_20_2_2,--pad_size=10 --tag_threshold=20 --layer_capacity=128 --pooling_layer=GlobalMaxPool --batch_size=256 --learning_rate=0.1 --dropout_rate=0.1 --random_seed=2,0.739139728
repeat_10_2_0_0,--pad_size=10 --tag_threshold=2 --layer_capacity=64 --pooling_layer=GlobalMaxPool --batch_size=128 --learning_rate=0.001 --dropout_rate=0.1 --random_seed=0,0.7412592826300305
repeat_10_2_0_1,--pad_size=10 --tag_threshold=2 --layer_capacity=64 --pooling_layer=GlobalMaxPool --batch_size=128 --learning_rate=0.001 --dropout_rate=0.1 --random_seed=1,0.73040674
repeat_10_2_0_2,--pad_size=10 --tag_threshold=2 --layer_capacity=64 --pooling_layer=GlobalMaxPool --batch_size=128 --learning_rate=0.001 --dropout_rate=0.1 --random_seed=2,0.736055644
repeat_10_2_1_0,--pad_size=10 --tag_threshold=2 --layer_capacity=128 --pooling_layer=GlobalMaxPool --batch_size=128 --learning_rate=0.1 --dropout_rate=0.1 --random_seed=0,0.7324462911530625
repeat_10_2_1_1,--pad_size=10 --tag_threshold=2 --layer_capacity=128 --pooling_layer=GlobalMaxPool --batch_size=128 --learning_rate=0.1 --dropout_rate=0.1 --random_seed=1,0.734626688
repeat_10_2_1_2,--pad_size=10 --tag_threshold=2 --layer_capacity=128 --pooling_layer=GlobalMaxPool --batch_size=128 --learning_rate=0.1 --dropout_rate=0.1 --random_seed=2,0.729647245
repeat_10_2_2_0,--pad_size=10 --tag_threshold=2 --layer_capacity=64 --pooling_layer=GlobalMaxPool --batch_size=256 --learning_rate=0.01 --dropout_rate=0.4 --random_seed=0,0.731409012776931
repeat_10_2_2_1,--pad_size=10 --tag_threshold=2 --layer_capacity=64 --pooling_layer=GlobalMaxPool --batch_size=256 --learning_rate=0.01 --dropout_rate=0.4 --random_seed=1,0.727589913
repeat_10_2_2_2,--pad_size=10 --tag_threshold=2 --layer_capacity=64 --pooling_layer=GlobalMaxPool --batch_size=256 --learning_rate=0.01 --dropout_rate=0.4 --random_seed=2,0.727829023
repeat_10_40_0_0,--pad_size=10 --tag_threshold=40 --layer_capacity=64 --pooling_layer=GlobalMaxPool --batch_size=256 --learning_rate=0.1 --dropout_rate=0.0 --random_seed=0,0.7446577386982153
repeat_10_40_0_1,--pad_size=10 --tag_threshold=40 --layer_capacity=64 --pooling_layer=GlobalMaxPool --batch_size=256 --learning_rate=0.1 --dropout_rate=0.0 --random_seed=1,0.741881308
repeat_10_40_0_2,--pad_size=10 --tag_threshold=40 --layer_capacity=64 --pooling_layer=GlobalMaxPool --batch_size=256 --learning_rate=0.1 --dropout_rate=0.0 --random_seed=2,0.741480967
repeat_10_40_1_0,--pad_size=10 --tag_threshold=40 --layer_capacity=128 --pooling_layer=GlobalMaxPool --batch_size=128 --learning_rate=0.1 --dropout_rate=0.0 --random_seed=0,0.7434888446336101
repeat_10_40_1_1,--pad_size=10 --tag_threshold=40 --layer_capacity=128 --pooling_layer=GlobalMaxPool --batch_size=128 --learning_rate=0.1 --dropout_rate=0.0 --random_seed=1,0.736882303
repeat_10_40_1_2,--pad_size=10 --tag_threshold=40 --layer_capacity=128 --pooling_layer=GlobalMaxPool --batch_size=128 --learning_rate=0.1 --dropout_rate=0.0 --random_seed=2,0.73796125
repeat_10_40_2_0,--pad_size=10 --tag_threshold=40 --layer_capacity=64 --pooling_layer=GlobalMaxPool --batch_size=128 --learning_rate=0.01 --dropout_rate=0.0 --random_seed=0,0.7417129650522497
repeat_10_40_2_1,--pad_size=10 --tag_threshold=40 --layer_capacity=64 --pooling_layer=GlobalMaxPool --batch_size=128 --learning_rate=0.01 --dropout_rate=0.0 --random_seed=1,0.744883725
repeat_10_40_2_2,--pad_size=10 --tag_threshold=40 --layer_capacity=64 --pooling_layer=GlobalMaxPool --batch_size=128 --learning_rate=0.01 --dropout_rate=0.0 --random_seed=2,0.743473089
repeat_10_5_0_0,--pad_size=10 --tag_threshold=5 --layer_capacity=64 --pooling_layer=GlobalMaxPool --batch_size=256 --learning_rate=0.1 --dropout_rate=0.3 --random_seed=0,0.7424607642281152
repeat_10_5_0_1,--pad_size=10 --tag_threshold=5 --layer_capacity=64 --pooling_layer=GlobalMaxPool --batch_size=256 --learning_rate=0.1 --dropout_rate=0.3 --random_seed=1,0.737542864
repeat_10_5_0_2,--pad_size=10 --tag_threshold=5 --layer_capacity=64 --pooling_layer=GlobalMaxPool --batch_size=256 --learning_rate=0.1 --dropout_rate=0.3 --random_seed=2,0.738525405
repeat_10_5_1_0,--pad_size=10 --tag_threshold=5 --layer_capacity=128 --pooling_layer=GlobalAveragePooling --batch_size=128 --learning_rate=0.001 --dropout_rate=0.2 --random_seed=0,0.7353902568918802
repeat_10_5_1_1,--pad_size=10 --tag_threshold=5 --layer_capacity=128 --pooling_layer=GlobalAveragePooling --batch_size=128 --learning_rate=0.001 --dropout_rate=0.2 --random_seed=1,0.733646851
repeat_10_5_1_2,--pad_size=10 --tag_threshold=5 --layer_capacity=128 --pooling_layer=GlobalAveragePooling --batch_size=128 --learning_rate=0.001 --dropout_rate=0.2 --random_seed=2,0.731275147
repeat_10_5_2_0,--pad_size=10 --tag_threshold=5 --layer_capacity=128 --pooling_layer=GlobalMaxPool --batch_size=256 --learning_rate=0.01 --dropout_rate=0.4 --random_seed=0,0.735032283762486
repeat_10_5_2_1,--pad_size=10 --tag_threshold=5 --layer_capacity=128 --pooling_layer=GlobalMaxPool --batch_size=256 --learning_rate=0.01 --dropout_rate=0.4 --random_seed=1,0.735767846
repeat_10_5_2_2,--pad_size=10 --tag_threshold=5 --layer_capacity=128 --pooling_layer=GlobalMaxPool --batch_size=256 --learning_rate=0.01 --dropout_rate=0.4 --random_seed=2,0.733284075
repeat_10_80_0_0,--pad_size=10 --tag_threshold=80 --layer_capacity=128 --pooling_layer=GlobalMaxPool --batch_size=256 --learning_rate=0.01 --dropout_rate=0.1 --random_seed=0,0.7415125231312981
repeat_10_80_0_1,--pad_size=10 --tag_threshold=80 --layer_capacity=128 --pooling_layer=GlobalMaxPool --batch_size=256 --learning_rate=0.01 --dropout_rate=0.1 --random_seed=1,0.737797478
repeat_10_80_0_2,--pad_size=10 --tag_threshold=80 --layer_capacity=128 --pooling_layer=GlobalMaxPool --batch_size=256 --learning_rate=0.01 --dropout_rate=0.1 --random_seed=2,0.741685689
repeat_10_80_1_0,--pad_size=10 --tag_threshold=80 --layer_capacity=64 --pooling_layer=GlobalAveragePooling --batch_size=128 --learning_rate=0.01 --dropout_rate=0.0 --random_seed=0,0.7396661449986266
repeat_10_80_1_1,--pad_size=10 --tag_threshold=80 --layer_capacity=64 --pooling_layer=GlobalAveragePooling --batch_size=128 --learning_rate=0.01 --dropout_rate=0.0 --random_seed=1,0.737448522
repeat_10_80_1_2,--pad_size=10 --tag_threshold=80 --layer_capacity=64 --pooling_layer=GlobalAveragePooling --batch_size=128 --learning_rate=0.01 --dropout_rate=0.0 --random_seed=2,0.733895876
repeat_10_80_2_0,--pad_size=10 --tag_threshold=80 --layer_capacity=128 --pooling_layer=GlobalMaxPool --batch_size=128 --learning_rate=0.001 --dropout_rate=0.0 --random_seed=0,0.7366820541903322
repeat_10_80_2_1,--pad_size=10 --tag_threshold=80 --layer_capacity=128 --pooling_layer=GlobalMaxPool --batch_size=128 --learning_rate=0.001 --dropout_rate=0.0 --random_seed=1,0.740133931
repeat_10_80_2_2,--pad_size=10 --tag_threshold=80 --layer_capacity=128 --pooling_layer=GlobalMaxPool --batch_size=128 --learning_rate=0.001 --dropout_rate=0.0 --random_seed=2,0.733418482
repeat_160_10_0_0,--pad_size=160 --tag_threshold=10 --layer_capacity=128 --pooling_layer=GlobalMaxPool --batch_size=256 --learning_rate=0.1 --dropout_rate=0.2 --random_seed=0,0.7463256069610379
repeat_160_10_0_1,--pad_size=160 --tag_threshold=10 --layer_capacity=128 --pooling_layer=GlobalMaxPool --batch_size=256 --learning_rate=0.1 --dropout_rate=0.2 --random_seed=1,0.73910068
repeat_160_10_0_2,--pad_size=160 --tag_threshold=10 --layer_capacity=128 --pooling_layer=GlobalMaxPool --batch_size=256 --learning_rate=0.1 --dropout_rate=0.2 --random_seed=2,0.749035747
repeat_160_10_1_0,--pad_size=160 --tag_threshold=10 --layer_capacity=128 --pooling_layer=GlobalMaxPool --batch_size=128 --learning_rate=0.01 --dropout_rate=0.3 --random_seed=0,0.7446440002277063
repeat_160_10_1_1,--pad_size=160 --tag_threshold=10 --layer_capacity=128 --pooling_layer=GlobalMaxPool --batch_size=128 --learning_rate=0.01 --dropout_rate=0.3 --random_seed=1,0.74205281
repeat_160_10_1_2,--pad_size=160 --tag_threshold=10 --layer_capacity=128 --pooling_layer=GlobalMaxPool --batch_size=128 --learning_rate=0.01 --dropout_rate=0.3 --random_seed=2,0.737661577
repeat_160_10_2_0,--pad_size=160 --tag_threshold=10 --layer_capacity=64 --pooling_layer=GlobalMaxPool --batch_size=256 --learning_rate=0.001 --dropout_rate=0.0 --random_seed=0,0.7425610826751565
repeat_160_10_2_1,--pad_size=160 --tag_threshold=10 --layer_capacity=64 --pooling_layer=GlobalMaxPool --batch_size=256 --learning_rate=0.001 --dropout_rate=0.0 --random_seed=1,0.744579483
repeat_160_10_2_2,--pad_size=160 --tag_threshold=10 --layer_capacity=64 --pooling_layer=GlobalMaxPool --batch_size=256 --learning_rate=0.001 --dropout_rate=0.0 --random_seed=2,0.742045943
repeat_160_20_0_0,--pad_size=160 --tag_threshold=20 --layer_capacity=64 --pooling_layer=GlobalMaxPool --batch_size=128 --learning_rate=0.1 --dropout_rate=0.1 --random_seed=0,0.7506602724936443
repeat_160_20_0_1,--pad_size=160 --tag_threshold=20 --layer_capacity=64 --pooling_layer=GlobalMaxPool --batch_size=128 --learning_rate=0.1 --dropout_rate=0.1 --random_seed=1,0.746283975
repeat_160_20_0_2,--pad_size=160 --tag_threshold=20 --layer_capacity=64 --pooling_layer=GlobalMaxPool --batch_size=128 --learning_rate=0.1 --dropout_rate=0.1 --random_seed=2,0.740451494
repeat_160_20_1_0,--pad_size=160 --tag_threshold=20 --layer_capacity=128 --pooling_layer=GlobalMaxPool --batch_size=256 --learning_rate=0.1 --dropout_rate=0.2 --random_seed=0,0.7465674932093067
repeat_160_20_1_1,--pad_size=160 --tag_threshold=20 --layer_capacity=128 --pooling_layer=GlobalMaxPool --batch_size=256 --learning_rate=0.1 --dropout_rate=0.2 --random_seed=1,0.745098144
repeat_160_20_1_2,--pad_size=160 --tag_threshold=20 --layer_capacity=128 --pooling_layer=GlobalMaxPool --batch_size=256 --learning_rate=0.1 --dropout_rate=0.2 --random_seed=2,0.745940331
repeat_160_20_2_0,--pad_size=160 --tag_threshold=20 --layer_capacity=128 --pooling_layer=GlobalMaxPool --batch_size=256 --learning_rate=0.001 --dropout_rate=0.2 --random_seed=0,0.7457667513111759
repeat_160_20_2_1,--pad_size=160 --tag_threshold=20 --layer_capacity=128 --pooling_layer=GlobalMaxPool --batch_size=256 --learning_rate=0.001 --dropout_rate=0.2 --random_seed=1,0.743058865
repeat_160_20_2_2,--pad_size=160 --tag_threshold=20 --layer_capacity=128 --pooling_layer=GlobalMaxPool --batch_size=256 --learning_rate=0.001 --dropout_rate=0.2 --random_seed=2,0.74923261
repeat_160_2_0_0,--pad_size=160 --tag_threshold=2 --layer_capacity=128 --pooling_layer=GlobalMaxPool --batch_size=256 --learning_rate=0.1 --dropout_rate=0.0 --random_seed=0,0.7339169281008862
repeat_160_2_0_1,--pad_size=160 --tag_threshold=2 --layer_capacity=128 --pooling_layer=GlobalMaxPool --batch_size=256 --learning_rate=0.1 --dropout_rate=0.0 --random_seed=1,0.732015331
repeat_160_2_0_2,--pad_size=160 --tag_threshold=2 --layer_capacity=128 --pooling_layer=GlobalMaxPool --batch_size=256 --learning_rate=0.1 --dropout_rate=0.0 --random_seed=2,0.73344479
repeat_160_2_1_0,--pad_size=160 --tag_threshold=2 --layer_capacity=128 --pooling_layer=GlobalMaxPool --batch_size=128 --learning_rate=0.001 --dropout_rate=0.0 --random_seed=0,0.7337757921617482
repeat_160_2_1_1,--pad_size=160 --tag_threshold=2 --layer_capacity=128 --pooling_layer=GlobalMaxPool --batch_size=128 --learning_rate=0.001 --dropout_rate=0.0 --random_seed=1,0.737090821
repeat_160_2_1_2,--pad_size=160 --tag_threshold=2 --layer_capacity=128 --pooling_layer=GlobalMaxPool --batch_size=128 --learning_rate=0.001 --dropout_rate=0.0 --random_seed=2,0.73723995
repeat_160_2_2_0,--pad_size=160 --tag_threshold=2 --layer_capacity=64 --pooling_layer=GlobalMaxPool --batch_size=128 --learning_rate=0.01 --dropout_rate=0.3 --random_seed=0,0.7324430222103196
repeat_160_2_2_1,--pad_size=160 --tag_threshold=2 --layer_capacity=64 --pooling_layer=GlobalMaxPool --batch_size=128 --learning_rate=0.01 --dropout_rate=0.3 --random_seed=1,0.730369764
repeat_160_2_2_2,--pad_size=160 --tag_threshold=2 --layer_capacity=64 --pooling_layer=GlobalMaxPool --batch_size=128 --learning_rate=0.01 --dropout_rate=0.3 --random_seed=2,0.733882776
repeat_160_40_0_0,--pad_size=160 --tag_threshold=40 --layer_capacity=128 --pooling_layer=GlobalMaxPool --batch_size=256 --learning_rate=0.001 --dropout_rate=0.0 --random_seed=0,0.7518084518962176
repeat_160_40_0_1,--pad_size=160 --tag_threshold=40 --layer_capacity=128 --pooling_layer=GlobalMaxPool --batch_size=256 --learning_rate=0.001 --dropout_rate=0.0 --random_seed=1,0.740958411
repeat_160_40_0_2,--pad_size=160 --tag_threshold=40 --layer_capacity=128 --pooling_layer=GlobalMaxPool --batch_size=256 --learning_rate=0.001 --dropout_rate=0.0 --random_seed=2,0.744340554
repeat_160_40_1_0,--pad_size=160 --tag_threshold=40 --layer_capacity=128 --pooling_layer=GlobalMaxPool --batch_size=256 --learning_rate=0.001 --dropout_rate=0.1 --random_seed=0,0.7488055254171869
repeat_160_40_1_1,--pad_size=160 --tag_threshold=40 --layer_capacity=128 --pooling_layer=GlobalMaxPool --batch_size=256 --learning_rate=0.001 --dropout_rate=0.1 --random_seed=1,0.746945231
repeat_160_40_1_2,--pad_size=160 --tag_threshold=40 --layer_capacity=128 --pooling_layer=GlobalMaxPool --batch_size=256 --learning_rate=0.001 --dropout_rate=0.1 --random_seed=2,0.744152718
repeat_160_40_2_0,--pad_size=160 --tag_threshold=40 --layer_capacity=128 --pooling_layer=GlobalMaxPool --batch_size=256 --learning_rate=0.001 --dropout_rate=0.2 --random_seed=0,0.7460257932627251
repeat_160_40_2_1,--pad_size=160 --tag_threshold=40 --layer_capacity=128 --pooling_layer=GlobalMaxPool --batch_size=256 --learning_rate=0.001 --dropout_rate=0.2 --random_seed=1,0.740922049
repeat_160_40_2_2,--pad_size=160 --tag_threshold=40 --layer_capacity=128 --pooling_layer=GlobalMaxPool --batch_size=256 --learning_rate=0.001 --dropout_rate=0.2 --random_seed=2,0.744156259
repeat_160_5_0_0,--pad_size=160 --tag_threshold=5 --layer_capacity=64 --pooling_layer=GlobalMaxPool --batch_size=128 --learning_rate=0.001 --dropout_rate=0.1 --random_seed=0,0.7459810042480459
repeat_160_5_0_1,--pad_size=160 --tag_threshold=5 --layer_capacity=64 --pooling_layer=GlobalMaxPool --batch_size=128 --learning_rate=0.001 --dropout_rate=0.1 --random_seed=1,0.745178428
repeat_160_5_0_2,--pad_size=160 --tag_threshold=5 --layer_capacity=64 --pooling_layer=GlobalMaxPool --batch_size=128 --learning_rate=0.001 --dropout_rate=0.1 --random_seed=2,0.742199179
repeat_160_5_1_0,--pad_size=160 --tag_threshold=5 --layer_capacity=128 --pooling_layer=GlobalMaxPool --batch_size=128 --learning_rate=0.1 --dropout_rate=0.0 --random_seed=0,0.7426711058767232
repeat_160_5_1_1,--pad_size=160 --tag_threshold=5 --layer_capacity=128 --pooling_layer=GlobalMaxPool --batch_size=128 --learning_rate=0.1 --dropout_rate=0.0 --random_seed=1,0.743201485
repeat_160_5_1_2,--pad_size=160 --tag_threshold=5 --layer_capacity=128 --pooling_layer=GlobalMaxPool --batch_size=128 --learning_rate=0.1 --dropout_rate=0.0 --random_seed=2,0.741646378
repeat_160_5_2_0,--pad_size=160 --tag_threshold=5 --layer_capacity=128 --pooling_layer=GlobalMaxPool --batch_size=128 --learning_rate=0.01 --dropout_rate=0.1 --random_seed=0,0.7404053556725897
repeat_160_5_2_1,--pad_size=160 --tag_threshold=5 --layer_capacity=128 --pooling_layer=GlobalMaxPool --batch_size=128 --learning_rate=0.01 --dropout_rate=0.1 --random_seed=1,0.743418301
repeat_160_5_2_2,--pad_size=160 --tag_threshold=5 --layer_capacity=128 --pooling_layer=GlobalMaxPool --batch_size=128 --learning_rate=0.01 --dropout_rate=0.1 --random_seed=2,0.7398045
repeat_160_80_0_0,--pad_size=160 --tag_threshold=80 --layer_capacity=128 --pooling_layer=GlobalMaxPool --batch_size=256 --learning_rate=0.001 --dropout_rate=0.1 --random_seed=0,0.7488110197274201
repeat_160_80_0_1,--pad_size=160 --tag_threshold=80 --layer_capacity=128 --pooling_layer=GlobalMaxPool --batch_size=256 --learning_rate=0.001 --dropout_rate=0.1 --random_seed=1,0.73925556
repeat_160_80_0_2,--pad_size=160 --tag_threshold=80 --layer_capacity=128 --pooling_layer=GlobalMaxPool --batch_size=256 --learning_rate=0.001 --dropout_rate=0.1 --random_seed=2,0.741417053
repeat_160_80_1_0,--pad_size=160 --tag_threshold=80 --layer_capacity=64 --pooling_layer=GlobalMaxPool --batch_size=128 --learning_rate=0.01 --dropout_rate=0.0 --random_seed=0,0.7476117007736142
repeat_160_80_1_1,--pad_size=160 --tag_threshold=80 --layer_capacity=64 --pooling_layer=GlobalMaxPool --batch_size=128 --learning_rate=0.01 --dropout_rate=0.0 --random_seed=1,0.745211372
repeat_160_80_1_2,--pad_size=160 --tag_threshold=80 --layer_capacity=64 --pooling_layer=GlobalMaxPool --batch_size=128 --learning_rate=0.01 --dropout_rate=0.0 --random_seed=2,0.743235245
repeat_160_80_2_0,--pad_size=160 --tag_threshold=80 --layer_capacity=64 --pooling_layer=GlobalMaxPool --batch_size=256 --learning_rate=0.1 --dropout_rate=0.1 --random_seed=0,0.7435831893215616
repeat_160_80_2_1,--pad_size=160 --tag_threshold=80 --layer_capacity=64 --pooling_layer=GlobalMaxPool --batch_size=256 --learning_rate=0.1 --dropout_rate=0.1 --random_seed=1,0.739022603
repeat_160_80_2_2,--pad_size=160 --tag_threshold=80 --layer_capacity=64 --pooling_layer=GlobalMaxPool --batch_size=256 --learning_rate=0.1 --dropout_rate=0.1 --random_seed=2,0.741043745
repeat_20_10_0_0,--pad_size=20 --tag_threshold=10 --layer_capacity=128 --pooling_layer=GlobalMaxPool --batch_size=128 --learning_rate=0.1 --dropout_rate=0.1 --random_seed=0,0.7516595247877634
repeat_20_10_0_1,--pad_size=20 --tag_threshold=10 --layer_capacity=128 --pooling_layer=GlobalMaxPool --batch_size=128 --learning_rate=0.1 --dropout_rate=0.1 --random_seed=1,0.748834786
repeat_20_10_0_2,--pad_size=20 --tag_threshold=10 --layer_capacity=128 --pooling_layer=GlobalMaxPool --batch_size=128 --learning_rate=0.1 --dropout_rate=0.1 --random_seed=2,0.740885131
repeat_20_10_1_0,--pad_size=20 --tag_threshold=10 --layer_capacity=64 --pooling_layer=GlobalMaxPool --batch_size=128 --learning_rate=0.01 --dropout_rate=0.1 --random_seed=0,0.7481407242026616
repeat_20_10_1_1,--pad_size=20 --tag_threshold=10 --layer_capacity=64 --pooling_layer=GlobalMaxPool --batch_size=128 --learning_rate=0.01 --dropout_rate=0.1 --random_seed=1,0.748721526
repeat_20_10_1_2,--pad_size=20 --tag_threshold=10 --layer_capacity=64 --pooling_layer=GlobalMaxPool --batch_size=128 --learning_rate=0.01 --dropout_rate=0.1 --random_seed=2,0.749476923
repeat_20_20_0_0,--pad_size=20 --tag_threshold=20 --layer_capacity=128 --pooling_layer=GlobalMaxPool --batch_size=128 --learning_rate=0.1 --dropout_rate=0.0 --random_seed=0,0.7458779325477684
repeat_20_20_0_1,--pad_size=20 --tag_threshold=20 --layer_capacity=128 --pooling_layer=GlobalMaxPool --batch_size=128 --learning_rate=0.1 --dropout_rate=0.0 --random_seed=1,0.743053862
repeat_20_20_0_2,--pad_size=20 --tag_threshold=20 --layer_capacity=128 --pooling_layer=GlobalMaxPool --batch_size=128 --learning_rate=0.1 --dropout_rate=0.0 --random_seed=2,0.746636926
repeat_20_20_1_0,--pad_size=20 --tag_threshold=20 --layer_capacity=64 --pooling_layer=GlobalMaxPool --batch_size=128 --learning_rate=0.01 --dropout_rate=0.1 --random_seed=0,0.7448345096439558
repeat_20_20_1_1,--pad_size=20 --tag_threshold=20 --layer_capacity=64 --pooling_layer=GlobalMaxPool --batch_size=128 --learning_rate=0.01 --dropout_rate=0.1 --random_seed=1,0.747698153
repeat_20_20_1_2,--pad_size=20 --tag_threshold=20 --layer_capacity=64 --pooling_layer=GlobalMaxPool --batch_size=128 --learning_rate=0.01 --dropout_rate=0.1 --random_seed=2,0.748096826
repeat_20_20_2_0,--pad_size=20 --tag_threshold=20 --layer_capacity=128 --pooling_layer=GlobalMaxPool --batch_size=256 --learning_rate=0.01 --dropout_rate=0.0 --random_seed=0,0.7442831008570193
repeat_20_20_2_1,--pad_size=20 --tag_threshold=20 --layer_capacity=128 --pooling_layer=GlobalMaxPool --batch_size=256 --learning_rate=0.01 --dropout_rate=0.0 --random_seed=1,0.742093197
repeat_20_20_2_2,--pad_size=20 --tag_threshold=20 --layer_capacity=128 --pooling_layer=GlobalMaxPool --batch_size=256 --learning_rate=0.01 --dropout_rate=0.0 --random_seed=2,0.738449214
repeat_20_2_0_0,--pad_size=20 --tag_threshold=2 --layer_capacity=64 --pooling_layer=GlobalMaxPool --batch_size=256 --learning_rate=0.001 --dropout_rate=0.1 --random_seed=0,0.7395508765008687
repeat_20_2_0_1,--pad_size=20 --tag_threshold=2 --layer_capacity=64 --pooling_layer=GlobalMaxPool --batch_size=256 --learning_rate=0.001 --dropout_rate=0.1 --random_seed=1,0.735973062
repeat_20_2_0_2,--pad_size=20 --tag_threshold=2 --layer_capacity=64 --pooling_layer=GlobalMaxPool --batch_size=256 --learning_rate=0.001 --dropout_rate=0.1 --random_seed=2,0.727933885
repeat_20_2_1_0,--pad_size=20 --tag_threshold=2 --layer_capacity=128 --pooling_layer=GlobalMaxPool --batch_size=128 --learning_rate=0.1 --dropout_rate=0.1 --random_seed=0,0.7340450324157725
repeat_20_2_1_1,--pad_size=20 --tag_threshold=2 --layer_capacity=128 --pooling_layer=GlobalMaxPool --batch_size=128 --learning_rate=0.1 --dropout_rate=0.1 --random_seed=1,0.738692941
repeat_20_2_1_2,--pad_size=20 --tag_threshold=2 --layer_capacity=128 --pooling_layer=GlobalMaxPool --batch_size=128 --learning_rate=0.1 --dropout_rate=0.1 --random_seed=2,0.735794017
repeat_20_2_2_0,--pad_size=20 --tag_threshold=2 --layer_capacity=64 --pooling_layer=GlobalMaxPool --batch_size=256 --learning_rate=0.001 --dropout_rate=0.0 --random_seed=0,0.7335655697258678
repeat_20_2_2_1,--pad_size=20 --tag_threshold=2 --layer_capacity=64 --pooling_layer=GlobalMaxPool --batch_size=256 --learning_rate=0.001 --dropout_rate=0.0 --random_seed=1,0.736522096
repeat_20_2_2_2,--pad_size=20 --tag_threshold=2 --layer_capacity=64 --pooling_layer=GlobalMaxPool --batch_size=256 --learning_rate=0.001 --dropout_rate=0.0 --random_seed=2,0.735608529
repeat_20_40_0_0,--pad_size=20 --tag_threshold=40 --layer_capacity=64 --pooling_layer=GlobalMaxPool --batch_size=128 --learning_rate=0.01 --dropout_rate=0.1 --random_seed=0,0.7462648819962805
repeat_20_40_0_1,--pad_size=20 --tag_threshold=40 --layer_capacity=64 --pooling_layer=GlobalMaxPool --batch_size=128 --learning_rate=0.01 --dropout_rate=0.1 --random_seed=1,0.741510051
repeat_20_40_0_2,--pad_size=20 --tag_threshold=40 --layer_capacity=64 --pooling_layer=GlobalMaxPool --batch_size=128 --learning_rate=0.01 --dropout_rate=0.1 --random_seed=2,0.7450515
repeat_20_40_1_0,--pad_size=20 --tag_threshold=40 --layer_capacity=128 --pooling_layer=GlobalMaxPool --batch_size=256 --learning_rate=0.1 --dropout_rate=0.1 --random_seed=0,0.7460095223699895
repeat_20_40_1_1,--pad_size=20 --tag_threshold=40 --layer_capacity=128 --pooling_layer=GlobalMaxPool --batch_size=256 --learning_rate=0.1 --dropout_rate=0.1 --random_seed=1,0.749565607
repeat_20_40_1_2,--pad_size=20 --tag_threshold=40 --layer_capacity=128 --pooling_layer=GlobalMaxPool --batch_size=256 --learning_rate=0.1 --dropout_rate=0.1 --random_seed=2,0.743681154
repeat_20_40_2_0,--pad_size=20 --tag_threshold=40 --layer_capacity=128 --pooling_layer=GlobalMaxPool --batch_size=256 --learning_rate=0.01 --dropout_rate=0.2 --random_seed=0,0.7453023077598314
repeat_20_40_2_1,--pad_size=20 --tag_threshold=40 --layer_capacity=128 --pooling_layer=GlobalMaxPool --batch_size=256 --learning_rate=0.01 --dropout_rate=0.2 --random_seed=1,0.743856056
repeat_20_40_2_2,--pad_size=20 --tag_threshold=40 --layer_capacity=128 --pooling_layer=GlobalMaxPool --batch_size=256 --learning_rate=0.01 --dropout_rate=0.2 --random_seed=2,0.737958783
repeat_20_5_0_0,--pad_size=20 --tag_threshold=5 --layer_capacity=64 --pooling_layer=GlobalMaxPool --batch_size=256 --learning_rate=0.01 --dropout_rate=0.2 --random_seed=0,0.744200947433176
repeat_20_5_0_1,--pad_size=20 --tag_threshold=5 --layer_capacity=64 --pooling_layer=GlobalMaxPool --batch_size=256 --learning_rate=0.01 --dropout_rate=0.2 --random_seed=1,0.743898374
repeat_20_5_0_2,--pad_size=20 --tag_threshold=5 --layer_capacity=64 --pooling_layer=GlobalMaxPool --batch_size=256 --learning_rate=0.01 --dropout_rate=0.2 --random_seed=2,0.743580397
repeat_20_5_1_0,--pad_size=20 --tag_threshold=5 --layer_capacity=64 --pooling_layer=GlobalMaxPool --batch_size=256 --learning_rate=0.1 --dropout_rate=0.1 --random_seed=0,0.7421355870597311
repeat_20_5_1_1,--pad_size=20 --tag_threshold=5 --layer_capacity=64 --pooling_layer=GlobalMaxPool --batch_size=256 --learning_rate=0.1 --dropout_rate=0.1 --random_seed=1,0.747949046
repeat_20_5_1_2,--pad_size=20 --tag_threshold=5 --layer_capacity=64 --pooling_layer=GlobalMaxPool --batch_size=256 --learning_rate=0.1 --dropout_rate=0.1 --random_seed=2,0.737134147
repeat_20_5_2_0,--pad_size=20 --tag_threshold=5 --layer_capacity=64 --pooling_layer=GlobalMaxPool --batch_size=256 --learning_rate=0.001 --dropout_rate=0.1 --random_seed=0,0.7392007309756825
repeat_20_5_2_1,--pad_size=20 --tag_threshold=5 --layer_capacity=64 --pooling_layer=GlobalMaxPool --batch_size=256 --learning_rate=0.001 --dropout_rate=0.1 --random_seed=1,0.738707105
repeat_20_5_2_2,--pad_size=20 --tag_threshold=5 --layer_capacity=64 --pooling_layer=GlobalMaxPool --batch_size=256 --learning_rate=0.001 --dropout_rate=0.1 --random_seed=2,0.73754797
repeat_20_80_0_0,--pad_size=20 --tag_threshold=80 --layer_capacity=128 --pooling_layer=GlobalMaxPool --batch_size=128 --learning_rate=0.01 --dropout_rate=0.2 --random_seed=0,0.741199451420081
repeat_20_80_0_1,--pad_size=20 --tag_threshold=80 --layer_capacity=128 --pooling_layer=GlobalMaxPool --batch_size=128 --learning_rate=0.01 --dropout_rate=0.2 --random_seed=1,0.740690664
repeat_20_80_0_2,--pad_size=20 --tag_threshold=80 --layer_capacity=128 --pooling_layer=GlobalMaxPool --batch_size=128 --learning_rate=0.01 --dropout_rate=0.2 --random_seed=2,0.738525262
repeat_20_80_1_0,--pad_size=20 --tag_threshold=80 --layer_capacity=64 --pooling_layer=GlobalMaxPool --batch_size=256 --learning_rate=0.01 --dropout_rate=0.1 --random_seed=0,0.7404258640338951
repeat_20_80_1_1,--pad_size=20 --tag_threshold=80 --layer_capacity=64 --pooling_layer=GlobalMaxPool --batch_size=256 --learning_rate=0.01 --dropout_rate=0.1 --random_seed=1,0.740324719
repeat_20_80_1_2,--pad_size=20 --tag_threshold=80 --layer_capacity=64 --pooling_layer=GlobalMaxPool --batch_size=256 --learning_rate=0.01 --dropout_rate=0.1 --random_seed=2,0.74200068
repeat_2_10_0_0,--pad_size=2 --tag_threshold=10 --layer_capacity=128 --pooling_layer=GlobalMaxPool --batch_size=256 --learning_rate=0.01 --dropout_rate=0.3 --random_seed=0,0.7140785627126051
repeat_2_10_0_1,--pad_size=2 --tag_threshold=10 --layer_capacity=128 --pooling_layer=GlobalMaxPool --batch_size=256 --learning_rate=0.01 --dropout_rate=0.3 --random_seed=1,0.707933452
repeat_2_10_0_2,--pad_size=2 --tag_threshold=10 --layer_capacity=128 --pooling_layer=GlobalMaxPool --batch_size=256 --learning_rate=0.01 --dropout_rate=0.3 --random_seed=2,0.706762927
repeat_2_10_1_0,--pad_size=2 --tag_threshold=10 --layer_capacity=128 --pooling_layer=GlobalMaxPool --batch_size=256 --learning_rate=0.001 --dropout_rate=0.2 --random_seed=0,0.7136043398767599
repeat_2_10_1_1,--pad_size=2 --tag_threshold=10 --layer_capacity=128 --pooling_layer=GlobalMaxPool --batch_size=256 --learning_rate=0.001 --dropout_rate=0.2 --random_seed=1,0.710371048
repeat_2_10_1_2,--pad_size=2 --tag_threshold=10 --layer_capacity=128 --pooling_layer=GlobalMaxPool --batch_size=256 --learning_rate=0.001 --dropout_rate=0.2 --random_seed=2,0.709956458
repeat_2_10_2_0,--pad_size=2 --tag_threshold=10 --layer_capacity=64 --pooling_layer=GlobalMaxPool --batch_size=128 --learning_rate=0.01 --dropout_rate=0.1 --random_seed=0,0.7127823470016565
repeat_2_10_2_1,--pad_size=2 --tag_threshold=10 --layer_capacity=64 --pooling_layer=GlobalMaxPool --batch_size=128 --learning_rate=0.01 --dropout_rate=0.1 --random_seed=1,0.712646282
repeat_2_10_2_2,--pad_size=2 --tag_threshold=10 --layer_capacity=64 --pooling_layer=GlobalMaxPool --batch_size=128 --learning_rate=0.01 --dropout_rate=0.1 --random_seed=2,0.713196451
repeat_2_20_0_0,--pad_size=2 --tag_threshold=20 --layer_capacity=64 --pooling_layer=GlobalAveragePooling --batch_size=128 --learning_rate=0.1 --dropout_rate=0.2 --random_seed=0,0.7120669608226703
repeat_2_20_0_1,--pad_size=2 --tag_threshold=20 --layer_capacity=64 --pooling_layer=GlobalAveragePooling --batch_size=128 --learning_rate=0.1 --dropout_rate=0.2 --random_seed=1,0.708904516
repeat_2_20_0_2,--pad_size=2 --tag_threshold=20 --layer_capacity=64 --pooling_layer=GlobalAveragePooling --batch_size=128 --learning_rate=0.1 --dropout_rate=0.2 --random_seed=2,0.707610114
repeat_2_20_1_0,--pad_size=2 --tag_threshold=20 --layer_capacity=64 --pooling_layer=GlobalMaxPool --batch_size=128 --learning_rate=0.01 --dropout_rate=0.0 --random_seed=0,0.7075756826871697
repeat_2_20_1_1,--pad_size=2 --tag_threshold=20 --layer_capacity=64 --pooling_layer=GlobalMaxPool --batch_size=128 --learning_rate=0.01 --dropout_rate=0.0 --random_seed=1,0.713236538
repeat_2_20_1_2,--pad_size=2 --tag_threshold=20 --layer_capacity=64 --pooling_layer=GlobalMaxPool --batch_size=128 --learning_rate=0.01 --dropout_rate=0.0 --random_seed=2,0.704585217
repeat_2_20_2_0,--pad_size=2 --tag_threshold=20 --layer_capacity=64 --pooling_layer=GlobalAveragePooling --batch_size=128 --learning_rate=0.1 --dropout_rate=0.3 --random_seed=0,0.7115785466846026
repeat_2_20_2_1,--pad_size=2 --tag_threshold=20 --layer_capacity=64 --pooling_layer=GlobalAveragePooling --batch_size=128 --learning_rate=0.1 --dropout_rate=0.3 --random_seed=1,0.707054408
repeat_2_20_2_2,--pad_size=2 --tag_threshold=20 --layer_capacity=64 --pooling_layer=GlobalAveragePooling --batch_size=128 --learning_rate=0.1 --dropout_rate=0.3 --random_seed=2,0.706216104
repeat_2_2_0_0,--pad_size=2 --tag_threshold=2 --layer_capacity=128 --pooling_layer=GlobalAveragePooling --batch_size=128 --learning_rate=0.01 --dropout_rate=0.1 --random_seed=0,0.7195580440468936
repeat_2_2_0_1,--pad_size=2 --tag_threshold=2 --layer_capacity=128 --pooling_layer=GlobalAveragePooling --batch_size=128 --learning_rate=0.01 --dropout_rate=0.1 --random_seed=1,0.712919334
repeat_2_2_0_2,--pad_size=2 --tag_threshold=2 --layer_capacity=128 --pooling_layer=GlobalAveragePooling --batch_size=128 --learning_rate=0.01 --dropout_rate=0.1 --random_seed=2,0.715908889
repeat_2_2_1_0,--pad_size=2 --tag_threshold=2 --layer_capacity=64 --pooling_layer=GlobalAveragePooling --batch_size=256 --learning_rate=0.01 --dropout_rate=0.0 --random_seed=0,0.7163017276802691
repeat_2_2_1_1,--pad_size=2 --tag_threshold=2 --layer_capacity=64 --pooling_layer=GlobalAveragePooling --batch_size=256 --learning_rate=0.01 --dropout_rate=0.0 --random_seed=1,0.717787468
repeat_2_2_1_2,--pad_size=2 --tag_threshold=2 --layer_capacity=64 --pooling_layer=GlobalAveragePooling --batch_size=256 --learning_rate=0.01 --dropout_rate=0.0 --random_seed=2,0.714556678
repeat_2_2_2_0,--pad_size=2 --tag_threshold=2 --layer_capacity=128 --pooling_layer=GlobalAveragePooling --batch_size=128 --learning_rate=0.001 --dropout_rate=0.3 --random_seed=0,0.7156394013314142
repeat_2_2_2_1,--pad_size=2 --tag_threshold=2 --layer_capacity=128 --pooling_layer=GlobalAveragePooling --batch_size=128 --learning_rate=0.001 --dropout_rate=0.3 --random_seed=1,0.713974463
repeat_2_2_2_2,--pad_size=2 --tag_threshold=2 --layer_capacity=128 --pooling_layer=GlobalAveragePooling --batch_size=128 --learning_rate=0.001 --dropout_rate=0.3 --random_seed=2,0.710831201
repeat_2_40_0_0,--pad_size=2 --tag_threshold=40 --layer_capacity=128 --pooling_layer=GlobalAveragePooling --batch_size=256 --learning_rate=0.01 --dropout_rate=0.2 --random_seed=0,0.7079133664477755
repeat_2_40_0_1,--pad_size=2 --tag_threshold=40 --layer_capacity=128 --pooling_layer=GlobalAveragePooling --batch_size=256 --learning_rate=0.01 --dropout_rate=0.2 --random_seed=1,0.704274655
repeat_2_40_0_2,--pad_size=2 --tag_threshold=40 --layer_capacity=128 --pooling_layer=GlobalAveragePooling --batch_size=256 --learning_rate=0.01 --dropout_rate=0.2 --random_seed=2,0.702730457
repeat_2_40_1_0,--pad_size=2 --tag_threshold=40 --layer_capacity=128 --pooling_layer=GlobalAveragePooling --batch_size=128 --learning_rate=0.01 --dropout_rate=0.2 --random_seed=0,0.7068212455026103
repeat_2_40_1_1,--pad_size=2 --tag_threshold=40 --layer_capacity=128 --pooling_layer=GlobalAveragePooling --batch_size=128 --learning_rate=0.01 --dropout_rate=0.2 --random_seed=1,0.703132955
repeat_2_40_1_2,--pad_size=2 --tag_threshold=40 --layer_capacity=128 --pooling_layer=GlobalAveragePooling --batch_size=128 --learning_rate=0.01 --dropout_rate=0.2 --random_seed=2,0.70592704
repeat_2_40_2_0,--pad_size=2 --tag_threshold=40 --layer_capacity=128 --pooling_layer=GlobalMaxPool --batch_size=128 --learning_rate=0.01 --dropout_rate=0.2 --random_seed=0,0.7067495738350905
repeat_2_40_2_1,--pad_size=2 --tag_threshold=40 --layer_capacity=128 --pooling_layer=GlobalMaxPool --batch_size=128 --learning_rate=0.01 --dropout_rate=0.2 --random_seed=1,0.700613601
repeat_2_40_2_2,--pad_size=2 --tag_threshold=40 --layer_capacity=128 --pooling_layer=GlobalMaxPool --batch_size=128 --learning_rate=0.01 --dropout_rate=0.2 --random_seed=2,0.704917901
repeat_2_5_0_0,--pad_size=2 --tag_threshold=5 --layer_capacity=64 --pooling_layer=GlobalMaxPool --batch_size=256 --learning_rate=0.001 --dropout_rate=0.0 --random_seed=0,0.7158378188703391
repeat_2_5_0_1,--pad_size=2 --tag_threshold=5 --layer_capacity=64 --pooling_layer=GlobalMaxPool --batch_size=256 --learning_rate=0.001 --dropout_rate=0.0 --random_seed=1,0.714246914
repeat_2_5_0_2,--pad_size=2 --tag_threshold=5 --layer_capacity=64 --pooling_layer=GlobalMaxPool --batch_size=256 --learning_rate=0.001 --dropout_rate=0.0 --random_seed=2,0.711953936
repeat_2_5_1_0,--pad_size=2 --tag_threshold=5 --layer_capacity=128 --pooling_layer=GlobalAveragePooling --batch_size=256 --learning_rate=0.1 --dropout_rate=0.1 --random_seed=0,0.7157536436160445
repeat_2_5_1_1,--pad_size=2 --tag_threshold=5 --layer_capacity=128 --pooling_layer=GlobalAveragePooling --batch_size=256 --learning_rate=0.1 --dropout_rate=0.1 --random_seed=1,0.715124693
repeat_2_5_1_2,--pad_size=2 --tag_threshold=5 --layer_capacity=128 --pooling_layer=GlobalAveragePooling --batch_size=256 --learning_rate=0.1 --dropout_rate=0.1 --random_seed=2,0.713520367
repeat_2_5_2_0,--pad_size=2 --tag_threshold=5 --layer_capacity=128 --pooling_layer=GlobalMaxPool --batch_size=256 --learning_rate=0.01 --dropout_rate=0.1 --random_seed=0,0.7154095947759198
repeat_2_5_2_1,--pad_size=2 --tag_threshold=5 --layer_capacity=128 --pooling_layer=GlobalMaxPool --batch_size=256 --learning_rate=0.01 --dropout_rate=0.1 --random_seed=1,0.713427057
repeat_2_5_2_2,--pad_size=2 --tag_threshold=5 --layer_capacity=128 --pooling_layer=GlobalMaxPool --batch_size=256 --learning_rate=0.01 --dropout_rate=0.1 --random_seed=2,0.709508131
repeat_2_80_0_0,--pad_size=2 --tag_threshold=80 --layer_capacity=64 --pooling_layer=GlobalAveragePooling --batch_size=128 --learning_rate=0.1 --dropout_rate=0.1 --random_seed=0,0.704482112705807
repeat_2_80_0_1,--pad_size=2 --tag_threshold=80 --layer_capacity=64 --pooling_layer=GlobalAveragePooling --batch_size=128 --learning_rate=0.1 --dropout_rate=0.1 --random_seed=1,0.701131428
repeat_2_80_0_2,--pad_size=2 --tag_threshold=80 --layer_capacity=64 --pooling_layer=GlobalAveragePooling --batch_size=128 --learning_rate=0.1 --dropout_rate=0.1 --random_seed=2,0.70057238
repeat_2_80_1_0,--pad_size=2 --tag_threshold=80 --layer_capacity=128 --pooling_layer=GlobalAveragePooling --batch_size=256 --learning_rate=0.1 --dropout_rate=0.1 --random_seed=0,0.7036475080752194
repeat_2_80_1_1,--pad_size=2 --tag_threshold=80 --layer_capacity=128 --pooling_layer=GlobalAveragePooling --batch_size=256 --learning_rate=0.1 --dropout_rate=0.1 --random_seed=1,0.703104189
repeat_2_80_1_2,--pad_size=2 --tag_threshold=80 --layer_capacity=128 --pooling_layer=GlobalAveragePooling --batch_size=256 --learning_rate=0.1 --dropout_rate=0.1 --random_seed=2,0.699287171
repeat_2_80_2_0,--pad_size=2 --tag_threshold=80 --layer_capacity=128 --pooling_layer=GlobalAveragePooling --batch_size=128 --learning_rate=0.01 --dropout_rate=0.3 --random_seed=0,0.7031384307424693
repeat_2_80_2_1,--pad_size=2 --tag_threshold=80 --layer_capacity=128 --pooling_layer=GlobalAveragePooling --batch_size=128 --learning_rate=0.01 --dropout_rate=0.3 --random_seed=1,0.70170218
repeat_2_80_2_2,--pad_size=2 --tag_threshold=80 --layer_capacity=128 --pooling_layer=GlobalAveragePooling --batch_size=128 --learning_rate=0.01 --dropout_rate=0.3 --random_seed=2,0.698041844
repeat_40_10_0_0,--pad_size=40 --tag_threshold=10 --layer_capacity=128 --pooling_layer=GlobalMaxPool --batch_size=128 --learning_rate=0.01 --dropout_rate=0.1 --random_seed=0,0.7520346250343058
repeat_40_10_0_1,--pad_size=40 --tag_threshold=10 --layer_capacity=128 --pooling_layer=GlobalMaxPool --batch_size=128 --learning_rate=0.01 --dropout_rate=0.1 --random_seed=1,0.743822072
repeat_40_10_0_2,--pad_size=40 --tag_threshold=10 --layer_capacity=128 --pooling_layer=GlobalMaxPool --batch_size=128 --learning_rate=0.01 --dropout_rate=0.1 --random_seed=2,0.743492984
repeat_40_10_1_0,--pad_size=40 --tag_threshold=10 --layer_capacity=64 --pooling_layer=GlobalMaxPool --batch_size=128 --learning_rate=0.1 --dropout_rate=0.1 --random_seed=0,0.7472823593973832
repeat_40_10_1_1,--pad_size=40 --tag_threshold=10 --layer_capacity=64 --pooling_layer=GlobalMaxPool --batch_size=128 --learning_rate=0.1 --dropout_rate=0.1 --random_seed=1,0.743428323
repeat_40_10_1_2,--pad_size=40 --tag_threshold=10 --layer_capacity=64 --pooling_layer=GlobalMaxPool --batch_size=128 --learning_rate=0.1 --dropout_rate=0.1 --random_seed=2,0.749169084
repeat_40_20_0_0,--pad_size=40 --tag_threshold=20 --layer_capacity=64 --pooling_layer=GlobalMaxPool --batch_size=256 --learning_rate=0.1 --dropout_rate=0.1 --random_seed=0,0.7518016648464764
repeat_40_20_0_1,--pad_size=40 --tag_threshold=20 --layer_capacity=64 --pooling_layer=GlobalMaxPool --batch_size=256 --learning_rate=0.1 --dropout_rate=0.1 --random_seed=1,0.746774203
repeat_40_20_0_2,--pad_size=40 --tag_threshold=20 --layer_capacity=64 --pooling_layer=GlobalMaxPool --batch_size=256 --learning_rate=0.1 --dropout_rate=0.1 --random_seed=2,0.74372462
repeat_40_20_1_0,--pad_size=40 --tag_threshold=20 --layer_capacity=64 --pooling_layer=GlobalMaxPool --batch_size=128 --learning_rate=0.1 --dropout_rate=0.1 --random_seed=0,0.7489819829592345
repeat_40_20_1_1,--pad_size=40 --tag_threshold=20 --layer_capacity=64 --pooling_layer=GlobalMaxPool --batch_size=128 --learning_rate=0.1 --dropout_rate=0.1 --random_seed=1,0.749930208
repeat_40_20_1_2,--pad_size=40 --tag_threshold=20 --layer_capacity=64 --pooling_layer=GlobalMaxPool --batch_size=128 --learning_rate=0.1 --dropout_rate=0.1 --random_seed=2,0.747448367
repeat_40_20_2_0,--pad_size=40 --tag_threshold=20 --layer_capacity=128 --pooling_layer=GlobalMaxPool --batch_size=256 --learning_rate=0.001 --dropout_rate=0.0 --random_seed=0,0.7487521371444621
repeat_40_20_2_1,--pad_size=40 --tag_threshold=20 --layer_capacity=128 --pooling_layer=GlobalMaxPool --batch_size=256 --learning_rate=0.001 --dropout_rate=0.0 --random_seed=1,0.743502079
repeat_40_20_2_2,--pad_size=40 --tag_threshold=20 --layer_capacity=128 --pooling_layer=GlobalMaxPool --batch_size=256 --learning_rate=0.001 --dropout_rate=0.0 --random_seed=2,0.74185358
repeat_40_2_0_0,--pad_size=40 --tag_threshold=2 --layer_capacity=64 --pooling_layer=GlobalMaxPool --batch_size=256 --learning_rate=0.1 --dropout_rate=0.2 --random_seed=0,0.7358764843280232
repeat_40_2_0_1,--pad_size=40 --tag_threshold=2 --layer_capacity=64 --pooling_layer=GlobalMaxPool --batch_size=256 --learning_rate=0.1 --dropout_rate=0.2 --random_seed=1,0.73417358
repeat_40_2_0_2,--pad_size=40 --tag_threshold=2 --layer_capacity=64 --pooling_layer=GlobalMaxPool --batch_size=256 --learning_rate=0.1 --dropout_rate=0.2 --random_seed=2,0.731943288
repeat_40_2_1_0,--pad_size=40 --tag_threshold=2 --layer_capacity=64 --pooling_layer=GlobalMaxPool --batch_size=256 --learning_rate=0.1 --dropout_rate=0.1 --random_seed=0,0.7342961407437701
repeat_40_2_1_1,--pad_size=40 --tag_threshold=2 --layer_capacity=64 --pooling_layer=GlobalMaxPool --batch_size=256 --learning_rate=0.1 --dropout_rate=0.1 --random_seed=1,0.737419167
repeat_40_2_1_2,--pad_size=40 --tag_threshold=2 --layer_capacity=64 --pooling_layer=GlobalMaxPool --batch_size=256 --learning_rate=0.1 --dropout_rate=0.1 --random_seed=2,0.728668762
repeat_40_2_2_0,--pad_size=40 --tag_threshold=2 --layer_capacity=64 --pooling_layer=GlobalMaxPool --batch_size=256 --learning_rate=0.001 --dropout_rate=0.3 --random_seed=0,0.7336501295554541
repeat_40_2_2_1,--pad_size=40 --tag_threshold=2 --layer_capacity=64 --pooling_layer=GlobalMaxPool --batch_size=256 --learning_rate=0.001 --dropout_rate=0.3 --random_seed=1,0.736223363
repeat_40_2_2_2,--pad_size=40 --tag_threshold=2 --layer_capacity=64 --pooling_layer=GlobalMaxPool --batch_size=256 --learning_rate=0.001 --dropout_rate=0.3 --random_seed=2,0.732865737
repeat_40_40_0_0,--pad_size=40 --tag_threshold=40 --layer_capacity=64 --pooling_layer=GlobalMaxPool --batch_size=256 --learning_rate=0.1 --dropout_rate=0.1 --random_seed=0,0.7469562419498726
repeat_40_40_0_1,--pad_size=40 --tag_threshold=40 --layer_capacity=64 --pooling_layer=GlobalMaxPool --batch_size=256 --learning_rate=0.1 --dropout_rate=0.1 --random_seed=1,0.743986473
repeat_40_40_0_2,--pad_size=40 --tag_threshold=40 --layer_capacity=64 --pooling_layer=GlobalMaxPool --batch_size=256 --learning_rate=0.1 --dropout_rate=0.1 --random_seed=2,0.745330318
repeat_40_40_1_0,--pad_size=40 --tag_threshold=40 --layer_capacity=64 --pooling_layer=GlobalMaxPool --batch_size=256 --learning_rate=0.01 --dropout_rate=0.0 --random_seed=0,0.7469386131247797
repeat_40_40_1_1,--pad_size=40 --tag_threshold=40 --layer_capacity=64 --pooling_layer=GlobalMaxPool --batch_size=256 --learning_rate=0.01 --dropout_rate=0.0 --random_seed=1,0.746309958
repeat_40_40_1_2,--pad_size=40 --tag_threshold=40 --layer_capacity=64 --pooling_layer=GlobalMaxPool --batch_size=256 --learning_rate=0.01 --dropout_rate=0.0 --random_seed=2,0.743333941
repeat_40_40_2_0,--pad_size=40 --tag_threshold=40 --layer_capacity=128 --pooling_layer=GlobalMaxPool --batch_size=256 --learning_rate=0.01 --dropout_rate=0.0 --random_seed=0,0.746631303287719
repeat_40_40_2_1,--pad_size=40 --tag_threshold=40 --layer_capacity=128 --pooling_layer=GlobalMaxPool --batch_size=256 --learning_rate=0.01 --dropout_rate=0.0 --random_seed=1,0.740166154
repeat_40_40_2_2,--pad_size=40 --tag_threshold=40 --layer_capacity=128 --pooling_layer=GlobalMaxPool --batch_size=256 --learning_rate=0.01 --dropout_rate=0.0 --random_seed=2,0.743784543
repeat_40_5_0_0,--pad_size=40 --tag_threshold=5 --layer_capacity=64 --pooling_layer=GlobalMaxPool --batch_size=256 --learning_rate=0.001 --dropout_rate=0.2 --random_seed=0,0.7416725460045487
repeat_40_5_0_1,--pad_size=40 --tag_threshold=5 --layer_capacity=64 --pooling_layer=GlobalMaxPool --batch_size=256 --learning_rate=0.001 --dropout_rate=0.2 --random_seed=1,0.741261365
repeat_40_5_0_2,--pad_size=40 --tag_threshold=5 --layer_capacity=64 --pooling_layer=GlobalMaxPool --batch_size=256 --learning_rate=0.001 --dropout_rate=0.2 --random_seed=2,0.743500584
repeat_40_5_1_0,--pad_size=40 --tag_threshold=5 --layer_capacity=128 --pooling_layer=GlobalMaxPool --batch_size=128 --learning_rate=0.001 --dropout_rate=0.2 --random_seed=0,0.739551431902463
repeat_40_5_1_1,--pad_size=40 --tag_threshold=5 --layer_capacity=128 --pooling_layer=GlobalMaxPool --batch_size=128 --learning_rate=0.001 --dropout_rate=0.2 --random_seed=1,0.743885362
repeat_40_5_1_2,--pad_size=40 --tag_threshold=5 --layer_capacity=128 --pooling_layer=GlobalMaxPool --batch_size=128 --learning_rate=0.001 --dropout_rate=0.2 --random_seed=2,0.738421035
repeat_40_5_2_0,--pad_size=40 --tag_threshold=5 --layer_capacity=128 --pooling_layer=GlobalMaxPool --batch_size=128 --learning_rate=0.1 --dropout_rate=0.1 --random_seed=0,0.7379695565785094
repeat_40_5_2_1,--pad_size=40 --tag_threshold=5 --layer_capacity=128 --pooling_layer=GlobalMaxPool --batch_size=128 --learning_rate=0.1 --dropout_rate=0.1 --random_seed=1,0.744895046
repeat_40_5_2_2,--pad_size=40 --tag_threshold=5 --layer_capacity=128 --pooling_layer=GlobalMaxPool --batch_size=128 --learning_rate=0.1 --dropout_rate=0.1 --random_seed=2,0.741327718
repeat_40_80_0_0,--pad_size=40 --tag_threshold=80 --layer_capacity=64 --pooling_layer=GlobalMaxPool --batch_size=128 --learning_rate=0.01 --dropout_rate=0.0 --random_seed=0,0.7462058192116213
repeat_40_80_0_1,--pad_size=40 --tag_threshold=80 --layer_capacity=64 --pooling_layer=GlobalMaxPool --batch_size=128 --learning_rate=0.01 --dropout_rate=0.0 --random_seed=1,0.744123866
repeat_40_80_0_2,--pad_size=40 --tag_threshold=80 --layer_capacity=64 --pooling_layer=GlobalMaxPool --batch_size=128 --learning_rate=0.01 --dropout_rate=0.0 --random_seed=2,0.743807937
repeat_40_80_1_0,--pad_size=40 --tag_threshold=80 --layer_capacity=128 --pooling_layer=GlobalMaxPool --batch_size=128 --learning_rate=0.001 --dropout_rate=0.0 --random_seed=0,0.7447594182053584
repeat_40_80_1_1,--pad_size=40 --tag_threshold=80 --layer_capacity=128 --pooling_layer=GlobalMaxPool --batch_size=128 --learning_rate=0.001 --dropout_rate=0.0 --random_seed=1,0.745069845
repeat_40_80_1_2,--pad_size=40 --tag_threshold=80 --layer_capacity=128 --pooling_layer=GlobalMaxPool --batch_size=128 --learning_rate=0.001 --dropout_rate=0.0 --random_seed=2,0.742601087
repeat_5_10_0_0,--pad_size=5 --tag_threshold=10 --layer_capacity=64 --pooling_layer=GlobalAveragePooling --batch_size=128 --learning_rate=0.001 --dropout_rate=0.0 --random_seed=0,0.7443895299425901
repeat_5_10_0_1,--pad_size=5 --tag_threshold=10 --layer_capacity=64 --pooling_layer=GlobalAveragePooling --batch_size=128 --learning_rate=0.001 --dropout_rate=0.0 --random_seed=1,0.739875682
repeat_5_10_0_2,--pad_size=5 --tag_threshold=10 --layer_capacity=64 --pooling_layer=GlobalAveragePooling --batch_size=128 --learning_rate=0.001 --dropout_rate=0.0 --random_seed=2,0.738741183
repeat_5_10_1_0,--pad_size=5 --tag_threshold=10 --layer_capacity=128 --pooling_layer=GlobalAveragePooling --batch_size=128 --learning_rate=0.001 --dropout_rate=0.1 --random_seed=0,0.7380855628769036
repeat_5_10_1_1,--pad_size=5 --tag_threshold=10 --layer_capacity=128 --pooling_layer=GlobalAveragePooling --batch_size=128 --learning_rate=0.001 --dropout_rate=0.1 --random_seed=1,0.735729367
repeat_5_10_1_2,--pad_size=5 --tag_threshold=10 --layer_capacity=128 --pooling_layer=GlobalAveragePooling --batch_size=128 --learning_rate=0.001 --dropout_rate=0.1 --random_seed=2,0.736068828
repeat_5_10_2_0,--pad_size=5 --tag_threshold=10 --layer_capacity=64 --pooling_layer=GlobalMaxPool --batch_size=256 --learning_rate=0.001 --dropout_rate=0.2 --random_seed=0,0.7334246662266394
repeat_5_10_2_1,--pad_size=5 --tag_threshold=10 --layer_capacity=64 --pooling_layer=GlobalMaxPool --batch_size=256 --learning_rate=0.001 --dropout_rate=0.2 --random_seed=1,0.733701652
repeat_5_10_2_2,--pad_size=5 --tag_threshold=10 --layer_capacity=64 --pooling_layer=GlobalMaxPool --batch_size=256 --learning_rate=0.001 --dropout_rate=0.2 --random_seed=2,0.731062811
repeat_5_20_0_0,--pad_size=5 --tag_threshold=20 --layer_capacity=128 --pooling_layer=GlobalAveragePooling --batch_size=128 --learning_rate=0.001 --dropout_rate=0.0 --random_seed=0,0.7403937335681859
repeat_5_20_0_1,--pad_size=5 --tag_threshold=20 --layer_capacity=128 --pooling_layer=GlobalAveragePooling --batch_size=128 --learning_rate=0.001 --dropout_rate=0.0 --random_seed=1,0.73687574
repeat_5_20_0_2,--pad_size=5 --tag_threshold=20 --layer_capacity=128 --pooling_layer=GlobalAveragePooling --batch_size=128 --learning_rate=0.001 --dropout_rate=0.0 --random_seed=2,0.739445136
repeat_5_20_1_0,--pad_size=5 --tag_threshold=20 --layer_capacity=128 --pooling_layer=GlobalMaxPool --batch_size=128 --learning_rate=0.001 --dropout_rate=0.1 --random_seed=0,0.7388577993283046
repeat_5_20_1_1,--pad_size=5 --tag_threshold=20 --layer_capacity=128 --pooling_layer=GlobalMaxPool --batch_size=128 --learning_rate=0.001 --dropout_rate=0.1 --random_seed=1,0.735275715
repeat_5_20_1_2,--pad_size=5 --tag_threshold=20 --layer_capacity=128 --pooling_layer=GlobalMaxPool --batch_size=128 --learning_rate=0.001 --dropout_rate=0.1 --random_seed=2,0.736856338
repeat_5_20_2_0,--pad_size=5 --tag_threshold=20 --layer_capacity=64 --pooling_layer=GlobalMaxPool --batch_size=128 --learning_rate=0.001 --dropout_rate=0.1 --random_seed=0,0.7388155356098075
repeat_5_20_2_1,--pad_size=5 --tag_threshold=20 --layer_capacity=64 --pooling_layer=GlobalMaxPool --batch_size=128 --learning_rate=0.001 --dropout_rate=0.1 --random_seed=1,0.734884691
repeat_5_20_2_2,--pad_size=5 --tag_threshold=20 --layer_capacity=64 --pooling_layer=GlobalMaxPool --batch_size=128 --learning_rate=0.001 --dropout_rate=0.1 --random_seed=2,0.734442321
repeat_5_2_0_0,--pad_size=5 --tag_threshold=2 --layer_capacity=128 --pooling_layer=GlobalAveragePooling --batch_size=128 --learning_rate=0.01 --dropout_rate=0.0 --random_seed=0,0.7349458668988444
repeat_5_2_0_1,--pad_size=5 --tag_threshold=2 --layer_capacity=128 --pooling_layer=GlobalAveragePooling --batch_size=128 --learning_rate=0.01 --dropout_rate=0.0 --random_seed=1,0.73042465
repeat_5_2_0_2,--pad_size=5 --tag_threshold=2 --layer_capacity=128 --pooling_layer=GlobalAveragePooling --batch_size=128 --learning_rate=0.01 --dropout_rate=0.0 --random_seed=2,0.726212078
repeat_5_2_1_0,--pad_size=5 --tag_threshold=2 --layer_capacity=128 --pooling_layer=GlobalMaxPool --batch_size=128 --learning_rate=0.1 --dropout_rate=0.3 --random_seed=0,0.7329956931552746
repeat_5_2_1_1,--pad_size=5 --tag_threshold=2 --layer_capacity=128 --pooling_layer=GlobalMaxPool --batch_size=128 --learning_rate=0.1 --dropout_rate=0.3 --random_seed=1,0.728870665
repeat_5_2_1_2,--pad_size=5 --tag_threshold=2 --layer_capacity=128 --pooling_layer=GlobalMaxPool --batch_size=128 --learning_rate=0.1 --dropout_rate=0.3 --random_seed=2,0.732916877
repeat_5_2_2_0,--pad_size=5 --tag_threshold=2 --layer_capacity=64 --pooling_layer=GlobalAveragePooling --batch_size=128 --learning_rate=0.01 --dropout_rate=0.1 --random_seed=0,0.7328157857528982
repeat_5_2_2_1,--pad_size=5 --tag_threshold=2 --layer_capacity=64 --pooling_layer=GlobalAveragePooling --batch_size=128 --learning_rate=0.01 --dropout_rate=0.1 --random_seed=1,0.731013184
repeat_5_2_2_2,--pad_size=5 --tag_threshold=2 --layer_capacity=64 --pooling_layer=GlobalAveragePooling --batch_size=128 --learning_rate=0.01 --dropout_rate=0.1 --random_seed=2,0.731688484
repeat_5_40_0_0,--pad_size=5 --tag_threshold=40 --layer_capacity=128 --pooling_layer=GlobalAveragePooling --batch_size=128 --learning_rate=0.1 --dropout_rate=0.0 --random_seed=0,0.7370896526569198
repeat_5_40_0_1,--pad_size=5 --tag_threshold=40 --layer_capacity=128 --pooling_layer=GlobalAveragePooling --batch_size=128 --learning_rate=0.1 --dropout_rate=0.0 --random_seed=1,0.736925502
repeat_5_40_0_2,--pad_size=5 --tag_threshold=40 --layer_capacity=128 --pooling_layer=GlobalAveragePooling --batch_size=128 --learning_rate=0.1 --dropout_rate=0.0 --random_seed=2,0.731708313
repeat_5_40_1_0,--pad_size=5 --tag_threshold=40 --layer_capacity=128 --pooling_layer=GlobalMaxPool --batch_size=128 --learning_rate=0.01 --dropout_rate=0.1 --random_seed=0,0.7345775422267599
repeat_5_40_1_1,--pad_size=5 --tag_threshold=40 --layer_capacity=128 --pooling_layer=GlobalMaxPool --batch_size=128 --learning_rate=0.01 --dropout_rate=0.1 --random_seed=1,0.73366916
repeat_5_40_1_2,--pad_size=5 --tag_threshold=40 --layer_capacity=128 --pooling_layer=GlobalMaxPool --batch_size=128 --learning_rate=0.01 --dropout_rate=0.1 --random_seed=2,0.734814431
repeat_5_40_2_0,--pad_size=5 --tag_threshold=40 --layer_capacity=64 --pooling_layer=GlobalMaxPool --batch_size=256 --learning_rate=0.001 --dropout_rate=0.1 --random_seed=0,0.7327497841107296
repeat_5_40_2_1,--pad_size=5 --tag_threshold=40 --layer_capacity=64 --pooling_layer=GlobalMaxPool --batch_size=256 --learning_rate=0.001 --dropout_rate=0.1 --random_seed=1,0.723529982
repeat_5_40_2_2,--pad_size=5 --tag_threshold=40 --layer_capacity=64 --pooling_layer=GlobalMaxPool --batch_size=256 --learning_rate=0.001 --dropout_rate=0.1 --random_seed=2,0.731796157
repeat_5_5_0_0,--pad_size=5 --tag_threshold=5 --layer_capacity=64 --pooling_layer=GlobalAveragePooling --batch_size=256 --learning_rate=0.001 --dropout_rate=0.0 --random_seed=0,0.7369570421262036
repeat_5_5_0_1,--pad_size=5 --tag_threshold=5 --layer_capacity=64 --pooling_layer=GlobalAveragePooling --batch_size=256 --learning_rate=0.001 --dropout_rate=0.0 --random_seed=1,0.736589174
repeat_5_5_0_2,--pad_size=5 --tag_threshold=5 --layer_capacity=64 --pooling_layer=GlobalAveragePooling --batch_size=256 --learning_rate=0.001 --dropout_rate=0.0 --random_seed=2,0.732326844
repeat_5_5_1_0,--pad_size=5 --tag_threshold=5 --layer_capacity=128 --pooling_layer=GlobalMaxPool --batch_size=128 --learning_rate=0.001 --dropout_rate=0.3 --random_seed=0,0.7361023169502073
repeat_5_5_1_1,--pad_size=5 --tag_threshold=5 --layer_capacity=128 --pooling_layer=GlobalMaxPool --batch_size=128 --learning_rate=0.001 --dropout_rate=0.3 --random_seed=1,0.731734693
repeat_5_5_1_2,--pad_size=5 --tag_threshold=5 --layer_capacity=128 --pooling_layer=GlobalMaxPool --batch_size=128 --learning_rate=0.001 --dropout_rate=0.3 --random_seed=2,0.728520675
repeat_5_5_2_0,--pad_size=5 --tag_threshold=5 --layer_capacity=64 --pooling_layer=GlobalAveragePooling --batch_size=256 --learning_rate=0.001 --dropout_rate=0.1 --random_seed=0,0.7357646781396406
repeat_5_5_2_1,--pad_size=5 --tag_threshold=5 --layer_capacity=64 --pooling_layer=GlobalAveragePooling --batch_size=256 --learning_rate=0.001 --dropout_rate=0.1 --random_seed=1,0.732167877
repeat_5_5_2_2,--pad_size=5 --tag_threshold=5 --layer_capacity=64 --pooling_layer=GlobalAveragePooling --batch_size=256 --learning_rate=0.001 --dropout_rate=0.1 --random_seed=2,0.732725901
repeat_5_80_0_0,--pad_size=5 --tag_threshold=80 --layer_capacity=128 --pooling_layer=GlobalAveragePooling --batch_size=128 --learning_rate=0.01 --dropout_rate=0.0 --random_seed=0,0.7273740572025906
repeat_5_80_0_1,--pad_size=5 --tag_threshold=80 --layer_capacity=128 --pooling_layer=GlobalAveragePooling --batch_size=128 --learning_rate=0.01 --dropout_rate=0.0 --random_seed=1,0.728100372
repeat_5_80_0_2,--pad_size=5 --tag_threshold=80 --layer_capacity=128 --pooling_layer=GlobalAveragePooling --batch_size=128 --learning_rate=0.01 --dropout_rate=0.0 --random_seed=2,0.726741763
repeat_5_80_1_0,--pad_size=5 --tag_threshold=80 --layer_capacity=128 --pooling_layer=GlobalMaxPool --batch_size=256 --learning_rate=0.01 --dropout_rate=0.2 --random_seed=0,0.7269295587414114
repeat_5_80_1_1,--pad_size=5 --tag_threshold=80 --layer_capacity=128 --pooling_layer=GlobalMaxPool --batch_size=256 --learning_rate=0.01 --dropout_rate=0.2 --random_seed=1,0.7211063
repeat_5_80_1_2,--pad_size=5 --tag_threshold=80 --layer_capacity=128 --pooling_layer=GlobalMaxPool --batch_size=256 --learning_rate=0.01 --dropout_rate=0.2 --random_seed=2,0.727746872
repeat_5_80_2_0,--pad_size=5 --tag_threshold=80 --layer_capacity=128 --pooling_layer=GlobalAveragePooling --batch_size=128 --learning_rate=0.001 --dropout_rate=0.2 --random_seed=0,0.7263836633781817
repeat_5_80_2_1,--pad_size=5 --tag_threshold=80 --layer_capacity=128 --pooling_layer=GlobalAveragePooling --batch_size=128 --learning_rate=0.001 --dropout_rate=0.2 --random_seed=1,0.725679809
repeat_5_80_2_2,--pad_size=5 --tag_threshold=80 --layer_capacity=128 --pooling_layer=GlobalAveragePooling --batch_size=128 --learning_rate=0.001 --dropout_rate=0.2 --random_seed=2,0.724154943
repeat_80_10_0_0,--pad_size=80 --tag_threshold=10 --layer_capacity=64 --pooling_layer=GlobalMaxPool --batch_size=128 --learning_rate=0.1 --dropout_rate=0.1 --random_seed=0,0.7495887138586772
repeat_80_10_0_1,--pad_size=80 --tag_threshold=10 --layer_capacity=64 --pooling_layer=GlobalMaxPool --batch_size=128 --learning_rate=0.1 --dropout_rate=0.1 --random_seed=1,0.747102248
repeat_80_10_0_2,--pad_size=80 --tag_threshold=10 --layer_capacity=64 --pooling_layer=GlobalMaxPool --batch_size=128 --learning_rate=0.1 --dropout_rate=0.1 --random_seed=2,0.746845899
repeat_80_10_1_0,--pad_size=80 --tag_threshold=10 --layer_capacity=64 --pooling_layer=GlobalMaxPool --batch_size=128 --learning_rate=0.001 --dropout_rate=0.1 --random_seed=0,0.7465729766595538
repeat_80_10_1_1,--pad_size=80 --tag_threshold=10 --layer_capacity=64 --pooling_layer=GlobalMaxPool --batch_size=128 --learning_rate=0.001 --dropout_rate=0.1 --random_seed=1,0.748946722
repeat_80_10_1_2,--pad_size=80 --tag_threshold=10 --layer_capacity=64 --pooling_layer=GlobalMaxPool --batch_size=128 --learning_rate=0.001 --dropout_rate=0.1 --random_seed=2,0.742897042
repeat_80_10_2_0,--pad_size=80 --tag_threshold=10 --layer_capacity=64 --pooling_layer=GlobalMaxPool --batch_size=128 --learning_rate=0.001 --dropout_rate=0.0 --random_seed=0,0.7436348241700994
repeat_80_10_2_1,--pad_size=80 --tag_threshold=10 --layer_capacity=64 --pooling_layer=GlobalMaxPool --batch_size=128 --learning_rate=0.001 --dropout_rate=0.0 --random_seed=1,0.739875331
repeat_80_10_2_2,--pad_size=80 --tag_threshold=10 --layer_capacity=64 --pooling_layer=GlobalMaxPool --batch_size=128 --learning_rate=0.001 --dropout_rate=0.0 --random_seed=2,0.74288278
repeat_80_20_0_0,--pad_size=80 --tag_threshold=20 --layer_capacity=128 --pooling_layer=GlobalMaxPool --batch_size=128 --learning_rate=0.001 --dropout_rate=0.1 --random_seed=0,0.7472264262251702
repeat_80_20_0_1,--pad_size=80 --tag_threshold=20 --layer_capacity=128 --pooling_layer=GlobalMaxPool --batch_size=128 --learning_rate=0.001 --dropout_rate=0.1 --random_seed=1,0.749115161
repeat_80_20_0_2,--pad_size=80 --tag_threshold=20 --layer_capacity=128 --pooling_layer=GlobalMaxPool --batch_size=128 --learning_rate=0.001 --dropout_rate=0.1 --random_seed=2,0.737837075
repeat_80_20_1_0,--pad_size=80 --tag_threshold=20 --layer_capacity=64 --pooling_layer=GlobalMaxPool --batch_size=128 --learning_rate=0.1 --dropout_rate=0.0 --random_seed=0,0.7417218710614795
repeat_80_20_1_1,--pad_size=80 --tag_threshold=20 --layer_capacity=64 --pooling_layer=GlobalMaxPool --batch_size=128 --learning_rate=0.1 --dropout_rate=0.0 --random_seed=1,0.740264442
repeat_80_20_1_2,--pad_size=80 --tag_threshold=20 --layer_capacity=64 --pooling_layer=GlobalMaxPool --batch_size=128 --learning_rate=0.1 --dropout_rate=0.0 --random_seed=2,0.744819324
repeat_80_20_2_0,--pad_size=80 --tag_threshold=20 --layer_capacity=128 --pooling_layer=GlobalMaxPool --batch_size=128 --learning_rate=0.01 --dropout_rate=0.4 --random_seed=0,0.7389655693151439
repeat_80_20_2_1,--pad_size=80 --tag_threshold=20 --layer_capacity=128 --pooling_layer=GlobalMaxPool --batch_size=128 --learning_rate=0.01 --dropout_rate=0.4 --random_seed=1,0.737023149
repeat_80_20_2_2,--pad_size=80 --tag_threshold=20 --layer_capacity=128 --pooling_layer=GlobalMaxPool --batch_size=128 --learning_rate=0.01 --dropout_rate=0.4 --random_seed=2,0.734661918
repeat_80_2_0_0,--pad_size=80 --tag_threshold=2 --layer_capacity=64 --pooling_layer=GlobalMaxPool --batch_size=128 --learning_rate=0.1 --dropout_rate=0.0 --random_seed=0,0.733529532296001
repeat_80_2_0_1,--pad_size=80 --tag_threshold=2 --layer_capacity=64 --pooling_layer=GlobalMaxPool --batch_size=128 --learning_rate=0.1 --dropout_rate=0.0 --random_seed=1,0.727196369
repeat_80_2_0_2,--pad_size=80 --tag_threshold=2 --layer_capacity=64 --pooling_layer=GlobalMaxPool --batch_size=128 --learning_rate=0.1 --dropout_rate=0.0 --random_seed=2,0.739425658
repeat_80_2_1_0,--pad_size=80 --tag_threshold=2 --layer_capacity=64 --pooling_layer=GlobalMaxPool --batch_size=256 --learning_rate=0.001 --dropout_rate=0.2 --random_seed=0,0.732304538039257
repeat_80_2_1_1,--pad_size=80 --tag_threshold=2 --layer_capacity=64 --pooling_layer=GlobalMaxPool --batch_size=256 --learning_rate=0.001 --dropout_rate=0.2 --random_seed=1,0.734726583
repeat_80_2_1_2,--pad_size=80 --tag_threshold=2 --layer_capacity=64 --pooling_layer=GlobalMaxPool --batch_size=256 --learning_rate=0.001 --dropout_rate=0.2 --random_seed=2,0.735089401
repeat_80_2_2_0,--pad_size=80 --tag_threshold=2 --layer_capacity=64 --pooling_layer=GlobalMaxPool --batch_size=128 --learning_rate=0.01 --dropout_rate=0.3 --random_seed=0,0.7321657898313252
repeat_80_2_2_1,--pad_size=80 --tag_threshold=2 --layer_capacity=64 --pooling_layer=GlobalMaxPool --batch_size=128 --learning_rate=0.01 --dropout_rate=0.3 --random_seed=1,0.732378466
repeat_80_2_2_2,--pad_size=80 --tag_threshold=2 --layer_capacity=64 --pooling_layer=GlobalMaxPool --batch_size=128 --learning_rate=0.01 --dropout_rate=0.3 --random_seed=2,0.734997832
repeat_80_40_0_0,--pad_size=80 --tag_threshold=40 --layer_capacity=64 --pooling_layer=GlobalMaxPool --batch_size=128 --learning_rate=0.1 --dropout_rate=0.0 --random_seed=0,0.7489472958692295
repeat_80_40_0_1,--pad_size=80 --tag_threshold=40 --layer_capacity=64 --pooling_layer=GlobalMaxPool --batch_size=128 --learning_rate=0.1 --dropout_rate=0.0 --random_seed=1,0.739876774
repeat_80_40_0_2,--pad_size=80 --tag_threshold=40 --layer_capacity=64 --pooling_layer=GlobalMaxPool --batch_size=128 --learning_rate=0.1 --dropout_rate=0.0 --random_seed=2,0.738334321
repeat_80_40_1_0,--pad_size=80 --tag_threshold=40 --layer_capacity=64 --pooling_layer=GlobalMaxPool --batch_size=128 --learning_rate=0.001 --dropout_rate=0.0 --random_seed=0,0.747621739933681
repeat_80_40_1_1,--pad_size=80 --tag_threshold=40 --layer_capacity=64 --pooling_layer=GlobalMaxPool --batch_size=128 --learning_rate=0.001 --dropout_rate=0.0 --random_seed=1,0.750191687
repeat_80_40_1_2,--pad_size=80 --tag_threshold=40 --layer_capacity=64 --pooling_layer=GlobalMaxPool --batch_size=128 --learning_rate=0.001 --dropout_rate=0.0 --random_seed=2,0.744379871
repeat_80_40_2_0,--pad_size=80 --tag_threshold=40 --layer_capacity=128 --pooling_layer=GlobalMaxPool --batch_size=128 --learning_rate=0.001 --dropout_rate=0.2 --random_seed=0,0.7434474599882794
repeat_80_40_2_1,--pad_size=80 --tag_threshold=40 --layer_capacity=128 --pooling_layer=GlobalMaxPool --batch_size=128 --learning_rate=0.001 --dropout_rate=0.2 --random_seed=1,0.744352344
repeat_80_40_2_2,--pad_size=80 --tag_threshold=40 --layer_capacity=128 --pooling_layer=GlobalMaxPool --batch_size=128 --learning_rate=0.001 --dropout_rate=0.2 --random_seed=2,0.74231068
repeat_80_5_0_0,--pad_size=80 --tag_threshold=5 --layer_capacity=64 --pooling_layer=GlobalMaxPool --batch_size=128 --learning_rate=0.001 --dropout_rate=0.1 --random_seed=0,0.7458286432096694
repeat_80_5_0_1,--pad_size=80 --tag_threshold=5 --layer_capacity=64 --pooling_layer=GlobalMaxPool --batch_size=128 --learning_rate=0.001 --dropout_rate=0.1 --random_seed=1,0.738429755
repeat_80_5_0_2,--pad_size=80 --tag_threshold=5 --layer_capacity=64 --pooling_layer=GlobalMaxPool --batch_size=128 --learning_rate=0.001 --dropout_rate=0.1 --random_seed=2,0.745159766
repeat_80_5_1_0,--pad_size=80 --tag_threshold=5 --layer_capacity=128 --pooling_layer=GlobalMaxPool --batch_size=256 --learning_rate=0.001 --dropout_rate=0.1 --random_seed=0,0.7448312325241349
repeat_80_5_1_1,--pad_size=80 --tag_threshold=5 --layer_capacity=128 --pooling_layer=GlobalMaxPool --batch_size=256 --learning_rate=0.001 --dropout_rate=0.1 --random_seed=1,0.734782716
repeat_80_5_1_2,--pad_size=80 --tag_threshold=5 --layer_capacity=128 --pooling_layer=GlobalMaxPool --batch_size=256 --learning_rate=0.001 --dropout_rate=0.1 --random_seed=2,0.742495015
repeat_80_5_2_0,--pad_size=80 --tag_threshold=5 --layer_capacity=64 --pooling_layer=GlobalMaxPool --batch_size=128 --learning_rate=0.01 --dropout_rate=0.2 --random_seed=0,0.7440981587627606
repeat_80_5_2_1,--pad_size=80 --tag_threshold=5 --layer_capacity=64 --pooling_layer=GlobalMaxPool --batch_size=128 --learning_rate=0.01 --dropout_rate=0.2 --random_seed=1,0.741677993
repeat_80_5_2_2,--pad_size=80 --tag_threshold=5 --layer_capacity=64 --pooling_layer=GlobalMaxPool --batch_size=128 --learning_rate=0.01 --dropout_rate=0.2 --random_seed=2,0.736330733
repeat_80_80_0_0,--pad_size=80 --tag_threshold=80 --layer_capacity=128 --pooling_layer=GlobalMaxPool --batch_size=128 --learning_rate=0.01 --dropout_rate=0.0 --random_seed=0,0.7432970632267519
repeat_80_80_0_1,--pad_size=80 --tag_threshold=80 --layer_capacity=128 --pooling_layer=GlobalMaxPool --batch_size=128 --learning_rate=0.01 --dropout_rate=0.0 --random_seed=1,0.743065067
repeat_80_80_0_2,--pad_size=80 --tag_threshold=80 --layer_capacity=128 --pooling_layer=GlobalMaxPool --batch_size=128 --learning_rate=0.01 --dropout_rate=0.0 --random_seed=2,0.735391848
repeat_80_80_1_0,--pad_size=80 --tag_threshold=80 --layer_capacity=128 --pooling_layer=GlobalMaxPool --batch_size=256 --learning_rate=0.001 --dropout_rate=0.0 --random_seed=0,0.7400308623687591
repeat_80_80_1_1,--pad_size=80 --tag_threshold=80 --layer_capacity=128 --pooling_layer=GlobalMaxPool --batch_size=256 --learning_rate=0.001 --dropout_rate=0.0 --random_seed=1,0.746045514
repeat_80_80_1_2,--pad_size=80 --tag_threshold=80 --layer_capacity=128 --pooling_layer=GlobalMaxPool --batch_size=256 --learning_rate=0.001 --dropout_rate=0.0 --random_seed=2,0.741054916
repeat_80_80_2_0,--pad_size=80 --tag_threshold=80 --layer_capacity=128 --pooling_layer=GlobalAveragePooling --batch_size=128 --learning_rate=0.001 --dropout_rate=0.1 --random_seed=0,0.7180971832535952
repeat_80_80_2_1,--pad_size=80 --tag_threshold=80 --layer_capacity=128 --pooling_layer=GlobalAveragePooling --batch_size=128 --learning_rate=0.001 --dropout_rate=0.1 --random_seed=1,0.714455119
repeat_80_80_2_2,--pad_size=80 --tag_threshold=80 --layer_capacity=128 --pooling_layer=GlobalAveragePooling --batch_size=128 --learning_rate=0.001 --dropout_rate=0.1 --random_seed=2,0.71577219
